Filename,Formula,Notes,Num Elements,1a CsCl,1b CsCl
,,,,0.000 0.000 0.000 ,0.500 0.500 0.500 
457710.cif,ZnZr,,2,Zn,Zr
250288.cif,YbZn,,2,Yb,Zn
530672.cif,YbZn,,2,Zn,Yb
452185.cif,YbZn,,2,Yb,Zn
457315.cif,YZn,lt,2,Y,Zn
456075.cif,YZn,lt,2,Y,Zn
311773.cif,YZn,lt,2,Y,Zn
251949.cif,YZn,lt,2,Y,Zn
530801.cif,YZn,lt,2,Zn,Y
526142.cif,YZn,lt,2,Y,Zn
456305.cif,YZn,lt,2,Y,Zn
1412244.cif,YZn,lt,2,Y,Zn
456923.cif,TmZn,rt,2,Tm,Zn
530793.cif,TmZn,rt,2,Zn,Tm
250287.cif,TmZn,rt,2,Tm,Zn
250313.cif,TlYb,,2,Tl,Yb
530674.cif,TlYb,,2,Tl,Yb
251962.cif,TlY,ht,2,Tl,Y
250311.cif,TlTm,,2,Tl,Tm
451531.cif,TlTm,,2,Tm,Tl
1301602.cif,TiZn,,2,Zn,Ti
531020.cif,TeU,hp,2,U,Te
1822181.cif,TeTh0.80U0.20,,3,Th0.8U0.2,Te
1720200.cif,TeTh,hp,2,Th,Te
251917.cif,TeTh,hp,2,Th,Te
1921258.cif,TeTh,hp,2,Th,Te
531016.cif,TeTh,hp,2,Th,Te
527384.cif,TeTh,hp,2,Th,Te
453377.cif,TeTh,hp,2,Th,Te
530404.cif,TcV,,2,Tc,V
250079.cif,TcV,,2,Tc,V
250073.cif,TcTi,rt,2,Ti,Tc
456369.cif,TbZn,rt,2,Tb,Zn
250283.cif,TbZn,rt,2,Tb,Zn
1818666.cif,TbZn,rt,2,Tb,Zn
526141.cif,TbZn,rt,2,Tb,Zn
1710952.cif,TbZn,rt,2,Tb,Zn
454733.cif,TbZn,rt,2,Tb,Zn
530797.cif,TbZn,rt,2,Zn,Tb
456245.cif,TbZn,rt,2,Tb,Zn
528000.cif,TbZn,rt,2,Tb,Zn
315023.cif,TbZn,rt,2,Tb,Zn
526140.cif,TbZn,rt,2,Tb,Zn
528005.cif,TbZn,rt,2,Tb,Zn
1301119.cif,TbTl,rt,2,Tb,Tl
250308.cif,TbTl,rt,2,Tb,Tl
250082.cif,TaTc,,2,Ta,Tc
529480.cif,SrTl,,2,Sr,Tl
458263.cif,SrTl,,2,Sr,Tl
533919.cif,SrTe,hp,2,Sr,Te
527474.cif,SnTe,hp2,2,Sn,Te
456665.cif,SnTe,hp2,2,Sn,Te
1638470.cif,SnTe,hp2,2,Sn,Te
251897.cif,SmZn,,2,Sm,Zn
530799.cif,SmZn,,2,Zn,Sm
1241577.cif,SmZn,,2,Sm,Zn
1301117.cif,SmTl,rt,2,Sm,Tl
534741.cif,SmTl,rt,2,Sm,Tl
1232362.cif,SmTe,hp,2,Sm,Te
457649.cif,SmTe,hp,2,Sm,Te
456414.cif,SmTe,hp,2,Sm,Te
533553.cif,SeTl,hp,2,Se,Tl
453378.cif,SeTh,hp,2,Th,Se
531018.cif,SeTh,hp,2,Th,Se
1146574.cif,SeSn,hp2,2,Se,Sn
1232361.cif,SeSm,hp1,2,Sm,Se
532781.cif,ScZn,,2,Sc,Zn
1300854.cif,ScZn,,2,Sc,Zn
1822639.cif,ScSn,,2,Sc,Sn
1605747.cif,SbY,hp,2,Y,Sb
531017.cif,SbU,hp,2,U,Sb
456628.cif,SbU,hp,2,U,Sb
1943435.cif,SbTm,hp,2,Tm,Sb
1715234.cif,Sb0.62Tl1.38,ht,2,Tl,Sb0.62Tl0.38
1715659.cif,SbTl,ht,2,Tl,Sb
453379.cif,SbTh,hp,2,Th,Sb
531015.cif,SbTh,hp,2,Th,Sb
457332.cif,SbSn,hp2,2,Sn,Sb
453391.cif,SbSn,hp2,2,Sb,Sn
1605746.cif,SbSc,hp,2,Sc,Sb
533554.cif,STl,hp3,2,S,Tl
533580.cif,SSr,hp,2,S,Sr
1232360.cif,SSm,hp2,2,Sm,S
1731621.cif,SSb,,2,Sb,S
252224.cif,RuZr,,2,Zr,Ru
1233487.cif,RuZr,,2,Zr,Ru
261459.cif,RuZr,,2,Zr,Ru
458146.cif,RuYb,,2,Yb,Ru
534123.cif,Ru0.98V1.02,ht,2,Ru0.98V0.02,V
450612.cif,RuV,ht,2,Ru,V
261404.cif,RuV,ht,2,Ru,V
261460.cif,RuTi,,2,Ru,Ti
531805.cif,RuTi,,2,Ti,Ru
252220.cif,RuTi,,2,Ti,Ru
528571.cif,RuTi,,2,Ti,Ru
535079.cif,RuTi,,2,Ti,Ru
1013222.cif,RuTi,,2,Ti,Ru
1233488.cif,RuTi,,2,Ti,Ru
1011314.cif,RuTi,,2,Ti,Ru
261452.cif,Ru0.60Ta1.40,ht2,2,Ru0.6Ta0.4,Ta
453902.cif,Ru0.76Ta1.24,ht2,2,Ta,Ru0.76Ta0.24
1301180.cif,Ru0.88Ta1.12,ht2,2,Ta,Ru0.88Ta0.12
260930.cif,RuTa,ht2,2,Ru,Ta
1825735.cif,RuSn0.76Yb0.24,,3,Ru,Sn0.764Yb0.236
1826123.cif,RuSn0.76Yb0.24,,3,Ru,Sn0.76Yb0.24
1606629.cif,RuSn,ht-hp,2,Ru,Sn
1324356.cif,RuSi,Ru+,2,Ru,Si
261979.cif,RuSi,Ru+,2,Ru,Si
250053.cif,RuSi,Ru+,2,Ru,Si
1324357.cif,RuSi0.97,Ru+,2,Ru,Si0.97
529113.cif,RuSi,Ru+,2,Ru,Si
456002.cif,RuSi,Ru+,2,Ru,Si
1254485.cif,RuSi,Ru+,2,Ru,Si
555789.cif,RuSi,Ru+,2,Ru,Si
1804395.cif,Ru1.06Si0.94,Ru+,2,Ru0.529Si0.471,Ru0.529Si0.471
527115.cif,RuSc,,2,Ru,Sc
1500012.cif,RuSc,,2,Sc,Ru
455624.cif,RhZr,ht1,2,Zr,Rh
1928910.cif,RhZr,ht1,2,Zr,Rh
260720.cif,RhZr,ht1,2,Rh,Zr
1301511.cif,RhZr,ht1,2,Zr,Rh
453713.cif,RhZr,ht1,2,Rh,Zr
1810526.cif,RhZn,,2,Rh,Zn
458147.cif,RhYb,,2,Yb,Rh
543958.cif,RhY,,2,Rh,Y
451391.cif,RhY,,2,Y,Rh
454546.cif,RhY,,2,Y,Rh
525112.cif,RhY,,2,Rh,Y
450588.cif,RhY,,2,Y,Rh
261656.cif,RhY,,2,Y,Rh
451397.cif,RhTm,,2,Tm,Rh
528898.cif,Rh0.67Ti1.33,ht2,2,Ti,Rh0.67Ti0.33
262073.cif,Rh0.70Ti1.30,ht2,2,Rh0.7Ti0.3,Ti
261573.cif,Rh0.80Ti1.20,ht2,2,Ti,Rh0.8Ti0.2
1235218.cif,RhTi,ht2,2,Rh,Ti
260798.cif,RhTi,ht2,2,Rh,Ti
451393.cif,RhTb,,2,Rh,Tb
261669.cif,RhSm,,2,Sm,Rh
451392.cif,RhSm,,2,Sm,Rh
450587.cif,RhSm,,2,Sm,Rh
1500688.cif,RhSi,cub,2,Rh,Si
1817924.cif,Rh0.97Sc1.03,,2,Sc,Rh0.97Sc0.03
451389.cif,RhSc,,2,Sc,Rh
451327.cif,RhSc,,2,Sc,Rh
1838012.cif,Rh0.34Ru0.60Sc1.06,,3,Sc,Ru0.6Rh0.34Sc0.06
1838009.cif,Rh0.56Ru0.44Sc,,3,Sc,Rh0.56Ru0.44
527053.cif,ReTi,,2,Re,Ti
535065.cif,ReTi,,2,Ti,Re
262049.cif,PtZr,ht,2,Pt,Zr
1819885.cif,PtZr,ht,2,Pt,Zr
530382.cif,PtTi,ht,2,Pt,Ti
525113.cif,PtSc,,2,Sc,Pt
527111.cif,PtSc,,2,Sc,Pt
1249416.cif,PtSc,,2,Sc,Pt
1924656.cif,Pt0.40Re0.60Ti,,3,Re0.6Pt0.4,Ti
456307.cif,PrZn,rt,2,Pr,Zn
453500.cif,PrZn,rt,2,Pr,Zn
311231.cif,PrZn,rt,2,Pr,Zn
533705.cif,PrZn,rt,2,Pr,Zn
1013015.cif,PrZn,rt,2,Pr,Zn
532068.cif,PrZn,rt,2,Pr,Zn
1006736.cif,PrZn,rt,2,Pr,Zn
1301115.cif,PrTl,rt,2,Pr,Tl
450236.cif,PrTl,rt,2,Pr,Tl
457647.cif,PrTe,hp,2,Pr,Te
456416.cif,PrTe,hp,2,Pr,Te
1965375.cif,PdZr,ht2,2,Zr,Pd
1301019.cif,PdZr,ht2,2,Zr,Pd
533013.cif,Pd0.80Zn1.20,ht,2,Zn,Pd0.8Zn0.2
533014.cif,Pd1.33Zn0.67,ht,2,Pd,Zn0.67Pd0.33
458124.cif,PdYb,ht,2,Yb,Pd
1630223.cif,PdYb,ht,2,Pd,Yb
1933216.cif,PdYb,ht,2,Yb,Pd
533884.cif,PdYb,ht,2,Pd,Yb
1929568.cif,PdYb,ht,2,Yb,Pd
1238406.cif,PdYb,ht,2,Yb,Pd
450112.cif,PdYb,ht,2,Pd,Yb
1234522.cif,PdYb,ht,2,Yb,Pd
1940396.cif,PdYb,ht,2,Yb,Pd
450111.cif,PdTm,,2,Tm,Pd
528108.cif,PdTm,,2,Tm,Pd
1407327.cif,PdTi,ht,2,Ti,Pd
530383.cif,PdTi,ht,2,Pd,Ti
527114.cif,PdSc,,2,Sc,Pd
526644.cif,PdSc,,2,Pd,Sc
457079.cif,PbTe,hp2,2,Pb,Te
456664.cif,PbTe,hp2,2,Pb,Te
1940328.cif,PbTe,hp2,2,Pb,Te
456647.cif,PbTe,hp2,2,Pb,Te
1819190.cif,Pb0.88SeSn0.13,hp2,3,Pb0.875Sn0.125,Se
456645.cif,PbSe,hp3,2,Pb,Se
1943021.cif,PbSe,hp3,2,Pb,Se
456643.cif,PbS,hp2,2,Pb,S
1301014.cif,OsZr,,2,Zr,Os
252219.cif,OsZr,,2,Zr,Os
450456.cif,Os0.80V1.20,rt,2,V,Os0.8V0.2
261567.cif,Os0.80V1.20,rt,2,V,Os0.8V0.2
252227.cif,OsV,rt,2,V,Os
252216.cif,OsTi,,2,Ti,Os
528559.cif,OsTi,,2,Os,Ti
457558.cif,OsTi,,2,Os,Ti
535078.cif,OsTi,,2,Ti,Os
250056.cif,OsSi,stab,2,Os,Si
1924653.cif,Os0.50Re0.50Ti,,3,Os0.5Re0.5,Ti
1217186.cif,O2Tl2,,2,Tl,O
1521390.cif,NTl,lt1,2,Tl,N
1902901.cif,NO2Tl,lt1,3,Tl,NO
1934637.cif,Ni0.96Zn1.04,ht,2,Zn,Ni0.96Zn0.04
455173.cif,NiZn,ht,2,Ni,Zn
1008814.cif,NiTi0.80Zr0.20,ht,3,Ti0.8Zr0.2,Ni
1960945.cif,NiTi0.70Zr0.30,ht,3,Ni,Ti0.7Zr0.3
1620561.cif,NiTi0.64Zr0.36,ht,3,Ni,Ti0.64Zr0.36
1601447.cif,NiTi0.64Zr0.36,ht,3,Ni,Ti0.64Zr0.36
1051255.cif,Ni0.98Ti0.02Zr0.98,ht,3,Ni0.976,Zr0.976Ti0.024
1051256.cif,NiTi0.50Zr0.50,ht,3,Ni,Ti0.5Zr0.5
1707389.cif,NiTi0.50Zn0.50,cub,3,Ni,Ti0.5Zn0.5
1231630.cif,Ni0.98Ti1.02,ht,2,Ti,Ni0.98Ti0.02
534320.cif,NiTi,ht,2,Ni,Ti
382431.cif,NiTi,ht,2,Ti,Ni
1129199.cif,NiTi,ht,2,Ti,Ni
1051254.cif,NiTi,ht,2,Ni,Ti
1927987.cif,NiTi,ht,2,Ti,Ni
380740.cif,NiTi,ht,2,Ti,Ni
1413668.cif,NiTi,ht,2,Ti,Ni
1051253.cif,NiTi,ht,2,Ni,Ti
457607.cif,NiTi,ht,2,Ti,Ni
535064.cif,NiTi,ht,2,Ni,Ti
458716.cif,NiTi,ht,2,Ni,Ti
1008815.cif,NiTi,ht,2,Ti,Ni
1051252.cif,NiTi,ht,2,Ni,Ti
1020361.cif,NiTi,ht,2,Ti,Ni
1301515.cif,NiTi,ht,2,Ti,Ni
1227558.cif,NiTi,ht,2,Ti,Ni
1923836.cif,NiTi,ht,2,Ti,Ni
1804230.cif,NiTi,ht,2,Ti,Ni
1722046.cif,NiTi,ht,2,Ni,Ti
1617145.cif,NiTi,ht,2,Ti,Ni
1617189.cif,NiTi,ht,2,Ti,Ni
1617260.cif,NiTi,ht,2,Ti,Ni
452237.cif,NiTi,ht,2,Ni,Ti
537982.cif,NiTi,ht,2,Ni,Ti
1823877.cif,NiTi,ht,2,Ni,Ti
252225.cif,NiTi,ht,2,Ti,Ni
1245842.cif,NiTi,ht,2,Ni,Ti
530352.cif,NiTi,ht,2,Ni,Ti
261323.cif,NiTi,ht,2,Ni,Ti
1232907.cif,NiTi,ht,2,Ni,Ti
1628894.cif,NiTi,ht,2,Ni,Ti
1628892.cif,NiTi,ht,2,Ni,Ti
1413594.cif,Ni1.08Ti0.92,ht,2,Ti0.92Ni0.08,Ni
1941680.cif,NiSn0.32Zn0.68,,3,Ni,Zn0.68Sn0.32
1707390.cif,NiSn0.50Ti0.50,,3,Ni,Sn0.5Ti0.5
1834660.cif,NiSn0.12Ti0.88,,3,Ti0.88Sn0.12,Ni
302681.cif,NiSi0.50Zn0.50,ht,3,Ni,Si0.5Zn0.5
261763.cif,Ni1.52Si0.48,ht,2,Ni0.52Si0.48,Ni
1013919.cif,NiSc0.50Zr0.50,,3,Sc0.5Zr0.5,Ni
1611987.cif,NiSc0.70Ti0.30,,3,Ni,Sc0.7Ti0.3
1838001.cif,Ni0.98Sc0.28Ti0.74,,3,Ni0.98Ti0.02,Ti0.72Sc0.28
1611986.cif,NiSc,,2,Ni,Sc
551923.cif,NiSc,,2,Sc,Ni
1944179.cif,NiSc,,2,Sc,Ni
527117.cif,NiSc,,2,Sc,Ni
1802789.cif,NiSc,,2,Sc,Ni
527257.cif,NiSc,,2,Sc,Ni
1120413.cif,Ni0.75Sb0.13Zn1.12,,3,Zn0.87Sb0.13,Ni0.75Zn0.25
1234091.cif,Ni0.75Sb0.13Zn1.12,,3,Zn0.87Sb0.13,Ni0.75Zn0.25
1013223.cif,Ni0.60Ru0.40Ti,,3,Ti,Ni0.6Ru0.4
1210633.cif,Ni0.40Rh0.60Ti,,3,Ti,Rh0.6Ni0.4
1633682.cif,Ni0.50Pd0.50Ti,ht,3,Ti,Ni0.5Pd0.5
1227556.cif,Ni0.63Pd0.37Ti,ht,3,Ti,Ni0.63Pd0.37
1605344.cif,Ni0.54Os0.46Ti,,3,Ti,Ni0.54Os0.46
311234.cif,NdZn,rt,2,Nd,Zn
250281.cif,NdZn,rt,2,Nd,Zn
533706.cif,NdZn,rt,2,Nd,Zn
260625.cif,NdZn,rt,2,Nd,Zn
457313.cif,NdZn,rt,2,Nd,Zn
251898.cif,NdZn,rt,2,Nd,Zn
530800.cif,NdZn,rt,2,Zn,Nd
1301116.cif,NdTl,rt,2,Nd,Tl
250306.cif,NdTl,rt,2,Nd,Tl
260880.cif,NbRu,ht,2,Nb,Ru
453903.cif,Nb1.24Ru0.76,ht,2,Nb,Ru0.76Nb0.24
1955797.cif,Nb0.37Pd0.45Rh0.45Sc0.37Zr0.37,,5,Pd0.45Rh0.45Nb0.1,Sc0.367Zr0.366Nb0.267
1955798.cif,Nb0.40Pd0.40Rh0.40Sc0.40Zr0.40,,5,Pd0.4Rh0.4Nb0.2,Sc0.4Zr0.4Nb0.2
1822341.cif,Nb0.10NiTi0.90,,3,Ti0.9Nb0.1,Ni
534493.cif,N3Rb,ht,2,Rb,N
455429.cif,MnZn,rt,2,Mn,Zn
534817.cif,MnZn,rt,2,Mn,Zn
558652.cif,MnZn,rt,2,Mn,Zn
314404.cif,MnZn,rt,2,Mn,Zn
452041.cif,MnV,rt,2,Mn,V
534813.cif,MnV,rt,2,Mn,V
557903.cif,MnV,rt,2,Mn,V
1929615.cif,Mn1.68V0.32,rt,2,Mn,Mn0.68V0.32
1241578.cif,Mn0.20SmZn0.80,,3,Sm,Zn0.8Mn0.2
1924814.cif,Mn0.50RhTl0.50,,3,Mn0.5Tl0.5,Rh
1962879.cif,MnRh,rt,2,Mn,Rh
1645873.cif,MnRh,rt,2,Mn,Rh
530703.cif,MnRh,rt,2,Mn,Rh
261277.cif,Mn1.20Rh0.80,rt,2,Mn,Rh0.8Mn0.2
1933494.cif,Mn0.80PdSn0.20,,3,Pd,Mn0.8Sn0.2
456518.cif,MnPd,ht,2,Mn,Pd
1932102.cif,Mn0.20Ni0.80Zn,,3,Ni0.8Mn0.2,Zn
1243479.cif,MnNi0.80Sn0.20,,3,Mn,Ni0.8Sn0.2
1310147.cif,MnNi,ht2,2,Mn,Ni
456699.cif,MnNi,ht2,2,Mn,Ni
1629321.cif,MgY,,2,Mg,Y
251746.cif,MgY,,2,Mg,Y
250318.cif,MgY,,2,Mg,Y
260793.cif,MgY,,2,Mg,Y
552400.cif,MgY,,2,Mg,Y
453037.cif,MgY,,2,Mg,Y
534909.cif,MgY,,2,Mg,Y
456072.cif,MgY,,2,Y,Mg
250280.cif,MgTm,,2,Mg,Tm
527172.cif,MgTm,,2,Mg,Tm
526425.cif,MgTm,,2,Mg,Tm
1022942.cif,MgTm,,2,Mg,Tm
458266.cif,MgTl,,2,Mg,Tl
251750.cif,MgTb,,2,Mg,Tb
454991.cif,MgTb,,2,Tb,Mg
527174.cif,MgTb,,2,Mg,Tb
1238735.cif,MgTb,,2,Mg,Tb
548292.cif,MgTb,,2,Tb,Mg
526423.cif,MgTb,,2,Tb,Mg
250276.cif,MgTb,,2,Mg,Tb
261141.cif,MgSr,,2,Mg,Sr
1008770.cif,MgSm,,2,Mg,Sm
251891.cif,MgSm,,2,Sm,Mg
260875.cif,MgSm,,2,Sm,Mg
552398.cif,MgSm,,2,Mg,Sm
250274.cif,MgSm,,2,Mg,Sm
251752.cif,MgSm,,2,Mg,Sm
528947.cif,MgSc,rt,2,Sc,Mg
528298.cif,MgSc,rt,2,Sc,Mg
1219829.cif,Mg1.30Sc0.70,rt,2,Mg0.68Sc0.32,Mg0.62Sc0.38
1420766.cif,Mg1.30Sc0.70,rt,2,Sc0.616Mg0.384,Mg0.916Sc0.084
451930.cif,MgRh,cub,2,Mg,Rh
451328.cif,MgRh,cub,2,Mg,Rh
1006959.cif,Mg0.60PrZn0.40,,3,Pr,Mg0.6Zn0.4
1013266.cif,MgPr0.61Yb0.39,rt,3,Pr0.61Yb0.39,Mg
1921683.cif,MgPr0.50Y0.50,,3,Mg,Pr0.5Y0.5
1301230.cif,MgPr,rt,2,Mg,Pr
552396.cif,MgPr,rt,2,Mg,Pr
251753.cif,MgPr,rt,2,Mg,Pr
1011712.cif,MgPr,rt,2,Pr,Mg
250272.cif,MgPr,rt,2,Mg,Pr
1008768.cif,MgPr,rt,2,Pr,Mg
1837947.cif,Mg1.06Pr0.94,rt,2,Mg,Pr0.94Mg0.06
250016.cif,Mg0.83Pd1.17,rt,2,Mg0.83Pd0.17,Pd
457866.cif,MgPd,rt,2,Pd,Mg
1928572.cif,MgPd,rt,2,Mg,Pd
261345.cif,MgPd,rt,2,Pd,Mg
1232908.cif,Mg0.50Ni0.83Ti0.67,,3,Ni0.83Mg0.17,Ti0.67Mg0.33
1006960.cif,Mg0.60NdZn0.40,,3,Nd,Mg0.6Zn0.4
251892.cif,MgNd,rt,2,Mg,Nd
1008769.cif,MgNd,rt,2,Nd,Mg
250273.cif,MgNd,rt,2,Mg,Nd
1011707.cif,MgNd,rt,2,Nd,Mg
552397.cif,MgNd,rt,2,Mg,Nd
311233.cif,MgNd,rt,2,Nd,Mg
531837.cif,MgNd,rt,2,Mg,Nd
251755.cif,MgNd,rt,2,Mg,Nd
1146051.cif,MgNd,rt,2,Mg,Nd
250289.cif,LuZn,,2,Lu,Zn
1943436.cif,LuSb,hp,2,Lu,Sb
458149.cif,LuRu,,2,Lu,Ru
525111.cif,LuRh,,2,Lu,Rh
451398.cif,LuRh,,2,Lu,Rh
533885.cif,LuPd,,2,Pd,Lu
1729035.cif,LuPd,,2,Lu,Pd
528106.cif,LuPd,,2,Lu,Pd
450110.cif,LuPd,,2,Lu,Pd
527173.cif,LuMg,,2,Mg,Lu
526424.cif,LuMg,,2,Mg,Lu
533660.cif,LiTl,,2,Li,Tl
261595.cif,LiTl,,2,Li,Tl
458264.cif,LiTl,,2,Li,Tl
252131.cif,LiPd,ht,2,Li,Pd
450627.cif,LiPd,ht,2,Li,Pd
252077.cif,LiPd,ht,2,Li,Pd
450729.cif,Li1.20Pd0.80,ht,2,Li,Pd0.8Li0.2
450765.cif,Li1.20Pd0.80,ht,2,Li,Pd0.8Li0.2
1120417.cif,Li0.47Pb0.53Zr,cub,3,Pb0.53Li0.47,Zr
1234062.cif,Li0.50Pb0.50Zr,cub,3,Li0.5Pb0.5,Zr
456005.cif,LiPb,ht,2,Li,Pb
261126.cif,LiPb,ht,2,Li,Pb
1210884.cif,LaZn,,2,La,Zn
456076.cif,LaZn,,2,La,Zn
453501.cif,LaZn,,2,La,Zn
1826390.cif,LaZn,,2,La,Zn
456306.cif,LaZn,,2,La,Zn
1210736.cif,LaZn,,2,La,Zn
1301113.cif,LaTl,,2,La,Tl
250305.cif,LaTl,,2,La,Tl
1940248.cif,LaTe,hp,2,La,Te
1819609.cif,LaSe,hp,2,La,Se
1819608.cif,LaS,hp,2,La,S
1124284.cif,LaNi0.04Zn0.96,,3,La,Zn0.96Ni0.04
1041358.cif,LaMg0.93Sn0.07,,3,La,Mg0.93Sn0.07
251745.cif,LaMg,,2,La,Mg
250271.cif,LaMg,,2,La,Mg
1828436.cif,LaMg,,2,La,Mg
456073.cif,LaMg,,2,La,Mg
1942979.cif,LaMg,,2,La,Mg
1640495.cif,LaMg,,2,La,Mg
1629529.cif,LaMg,,2,Mg,La
260566.cif,LaMg,,2,La,Mg
1216150.cif,LaMg,,2,La,Mg
1432153.cif,LaMg,,2,La,Mg
552394.cif,LaMg,,2,Mg,La
1008766.cif,LaMg,,2,La,Mg
261142.cif,LaMg,,2,Mg,La
314267.cif,K0.50O0.75Pb0.50,,3,K0.5Pb0.5,O0.75
526637.cif,IrZr,ht,2,Zr,Ir
1301513.cif,IrZr,ht,2,Zr,Ir
453712.cif,IrZr,ht,2,Ir,Zr
458148.cif,IrYb,,2,Yb,Ir
261940.cif,IrY,,2,Ir,Y
451399.cif,IrTm,,2,Tm,Ir
260933.cif,Ir0.70Ti1.30,,2,Ti,Ir0.7Ti0.3
262059.cif,Ir0.70Ti1.30,,2,Ir0.7Ti0.3,Ti
457559.cif,Ir0.80Ti1.20,,2,Ti,Ir0.8Ti0.2
528896.cif,Ir0.80Ti1.20,,2,Ti,Ir0.8Ti0.2
525110.cif,IrSc,,2,Sc,Ir
527112.cif,IrSc,,2,Sc,Ir
1500057.cif,IrSc,,2,Sc,Ir
1924654.cif,Ir0.64Re0.36Ti,,3,Ir0.64Re0.36,Ti
525109.cif,IrLu,,2,Ir,Lu
451400.cif,IrLu,,2,Lu,Ir
530675.cif,InYb,,2,In,Yb
451525.cif,InYb,,2,Yb,In
250954.cif,InYb,,2,In,Yb
251426.cif,InYb,,2,Yb,In
260031.cif,InY,,2,In,Y
451529.cif,InY,,2,Y,In
260052.cif,InTm,,2,In,Tm
451526.cif,InTm,,2,Tm,In
528687.cif,InTe,hp2,2,In,Te
1940263.cif,InTe,hp2,2,In,Te
456649.cif,InTe,hp2,2,In,Te
450300.cif,InSm,,2,Sm,In
1300769.cif,In0.90Sc1.10,cub,2,Sc,In0.9Sc0.1
534067.cif,InSb,hp4,2,In,Sb
533952.cif,InRh,,2,Rh,In
526992.cif,InRh,,2,Rh,In
1928874.cif,In0.50PtZr0.50,,3,Pt,In0.5Zr0.5
460712.cif,In0.50PtZr0.50,,3,Pt,In0.5Zr0.5
460710.cif,In0.50PtTi0.50,,3,Pt,In0.5Ti0.5
451527.cif,InPr,m,2,Pr,In
1814677.cif,In0.50PdZr0.50,,3,Pd,In0.5Zr0.5
1650102.cif,In0.04Pd0.96Yb,,3,Yb,Pd0.96In0.04
1650108.cif,In0.90PdYb0.10,,3,Pd,In0.9Yb0.1
1814676.cif,In0.50PdTi0.50,rt,3,Pd,In0.5Ti0.5
1907465.cif,In0.68PdTb0.32,,3,In0.68Tb0.32,Pd
1212378.cif,In0.90PdSn0.10,,3,Pd,In0.9Sn0.1
1831343.cif,InPd,,2,In,Pd
250957.cif,InPd,,2,Pd,In
1907466.cif,InPd,,2,In,Pd
1838026.cif,InPd,,2,Pd,In
534751.cif,InPd,,2,Pd,In
1210722.cif,InPd,,2,Pd,In
526643.cif,InPd,,2,Pd,In
1814669.cif,In0.50NiZr0.50,,3,Ni,In0.5Zr0.5
1707391.cif,In0.50NiTi0.50,ht,3,Ni,In0.5Ti0.5
534756.cif,InNi,ht,2,Ni,In
1822222.cif,InNi,ht,2,Ni,In
532140.cif,InNi,ht,2,In,Ni
452316.cif,InNi,ht,2,In,Ni
1300583.cif,InNd,,2,Nd,In0.98In0.02
1833770.cif,In0.43Mn0.52Rh1.04,,3,Rh,Mn0.524In0.434Rh0.042
1924813.cif,In0.50Mn0.50Rh,,3,In0.5Mn0.5,Rh
1833785.cif,In0.50Mn0.50Pd,ht,3,Pd,In0.5Mn0.5
311174.cif,In0.50Mn0.50Pd,ht,3,Pd,In0.5Mn0.5
1933194.cif,In0.20Mn0.78Ni0.96Si0.06,,4,Ni0.96In0.04,Mn0.78In0.16Si0.06
1933193.cif,In0.26Mn0.78Ni0.96,ht,3,Ni0.96In0.04,Mn0.78In0.22
1838482.cif,In0.29Mn0.71Ni,ht,3,Ni,Mn0.71In0.29
1819713.cif,In0.30Mn0.70Ni,ht,3,Mn0.696In0.304,Ni
1930033.cif,In0.32Mn0.68Ni,ht,3,Mn0.68In0.32,Ni
1962993.cif,In0.40Mn0.60Ni,ht,3,Mn0.6In0.4,Ni
1925845.cif,InLi,hp,2,Li,In
451528.cif,InLa,,2,La,In
547117.cif,ITl,ht,2,Tl,I
545066.cif,ITl,ht,2,Tl,I
545661.cif,ITl,ht,2,Tl,I
1923648.cif,ITl,ht,2,Tl,I
1300651.cif,ITl,ht,2,Tl,I
1925142.cif,ITl,ht,2,Tl,I
545663.cif,IRb0.09Tl0.91,,3,Tl0.91Rb0.09,I
1921280.cif,IRb,hp2,2,Rb,I
1925197.cif,IRb,hp2,2,Rb,I
1925145.cif,IRb,hp2,2,Rb,I
1214534.cif,IRb,hp2,2,Rb,I
1921276.cif,IK,hp,2,K,I
1323399.cif,IK,hp,2,K,I
1057202.cif,I0In0PbTe,hp2,4,Pb0.9965In0.0035,Te0.996I0.004
530795.cif,HoZn,rt,2,Zn,Ho
526145.cif,HoZn,rt,2,Ho,Zn
250285.cif,HoZn,rt,2,Ho,Zn
1710955.cif,HoZn,rt,2,Ho,Zn
528232.cif,HoTl,rt,2,Ho,Tl
250309.cif,HoTl,rt,2,Ho,Tl
1301121.cif,HoTl,rt,2,Ho,Tl
1943433.cif,HoSb,hp,2,Ho,Sb
450584.cif,HoRh,,2,Ho,Rh
457222.cif,HoRh,,2,Ho,Rh
451395.cif,HoRh,,2,Ho,Rh
251839.cif,HoPd,ht,2,Ho,Pd
528110.cif,HoPd,ht,2,Ho,Pd
526427.cif,HoMg,,2,Ho,Mg
250278.cif,HoMg,,2,Ho,Mg
251748.cif,HoMg,,2,Ho,Mg
527171.cif,HoMg,,2,Mg,Ho
451388.cif,HoIr,,2,Ho,Ir
1907469.cif,Ho0.20In0.80Pd,,3,In0.8Ho0.2,Pd
528233.cif,HoIn,rt,2,Ho,In
250303.cif,HgYb,,2,Hg,Yb
530676.cif,HgYb,,2,Hg,Yb
251946.cif,HgY,,2,Hg,Y
532731.cif,HgY,,2,Y,Hg
250302.cif,HgTm,,2,Hg,Tm
450322.cif,HgTl,m,2,Hg,Tl
250298.cif,HgTb,,2,Hg,Tb
456246.cif,HgTb,,2,Tb,Hg
451192.cif,HgSr,,2,Sr,Hg
450913.cif,HgSr,,2,Sr,Hg
532730.cif,HgSc,,2,Hg,Sc
251879.cif,HgPr,,2,Hg,Pr
251878.cif,HgNd,,2,Nd,Hg
456210.cif,HgMn,rt,2,Mn,Hg
532962.cif,HgMn,rt,2,Mn,Hg
558721.cif,HgMn,rt,2,Hg,Mn
382815.cif,HgMn,rt,2,Mn,Hg
1300588.cif,HgMn,rt,2,Hg,Mn
528423.cif,HgMn,rt,2,Hg,Mn
458252.cif,HgMg,,2,Mg,Hg
526938.cif,HgMg,,2,Hg,Mg
456617.cif,HgMg,,2,Hg,Mg
250304.cif,HgLu,,2,Hg,Lu
461495.cif,Hg0.50LiTl0.50,,3,Li,Hg0.5Tl0.5
458267.cif,HgLi,rt,2,Li,Hg
534676.cif,HgLi,rt,2,Hg,Li
261596.cif,HgLi,rt,2,Li,Hg
251883.cif,HgLa,,2,Hg,La
251881.cif,HgLa,,2,La,Hg
450903.cif,HgLa,,2,Hg,La
251902.cif,HgLa,,2,La,Hg
250300.cif,HgHo,,2,Hg,Ho
532429.cif,HgHo,,2,Ho,Hg
250078.cif,HfTc,,2,Hf,Tc
1924368.cif,Hf0.50RuTi0.50,,3,Hf0.5Ti0.5,Ru
1011316.cif,Hf0.60RuTi0.40,,3,Hf0.6Ti0.4,Ru
1533214.cif,HfRu,,2,Hf,Ru
531806.cif,HfRu,,2,Hf,Ru
1233486.cif,HfRu,,2,Hf,Ru
1011315.cif,HfRu,,2,Hf,Ru
252223.cif,HfRu,,2,Hf,Ru
1951394.cif,Hf0.79Rh1.12Ru0.09,cub,3,Hf0.79Rh0.12Ru0.09,Rh
262065.cif,HfRh,Rh+,2,Hf,Rh
262047.cif,HfPt,rt,2,Hf,Pt
1606297.cif,HfPt,ht,2,Hf,Pt
1949700.cif,HfPd,ht,2,Hf,Pd
252218.cif,HfOs,,2,Hf,Os
1943196.cif,Hf0.40Ni1.01Ti0.59,ht,3,Ni,Ti0.59Hf0.4Ni0.01
1831292.cif,Hf0.40Ni1.01Ti0.59,ht,3,Ni,Ti0.594Hf0.4Ni0.006
1941212.cif,Hf0.40Ni0.91Pd0.10Ti0.59,cub,4,Ni0.91Pd0.09,Ti0.59Hf0.4Pd0.01
1020360.cif,HfNi,ht,2,Hf,Ni
460709.cif,Hf0.50In0.50Pt,,3,Pt,Hf0.5In0.5
1814678.cif,Hf0.50In0.50Pd,,3,Pd,Hf0.5In0.5
1814670.cif,Hf0.50In0.50Ni,ht,3,Ni,Hf0.5In0.5
1240974.cif,Ge0.40Sb0.40Te,ht-hp,3,Ge0.4Sb0.4,Te
1606628.cif,GeRu,ht-hp,2,Ru,Ge
302796.cif,Ge0.20NiZn0.80,,3,Zn0.8Ge0.2,Ni
456922.cif,GdZn,,2,Gd,Zn
1928610.cif,GdZn,,2,Gd,Zn
543960.cif,GdZn,,2,Gd,Zn
454662.cif,GdZn,,2,Gd,Zn
251894.cif,GdZn,,2,Gd,Zn
530798.cif,GdZn,,2,Zn,Gd
457314.cif,GdZn,,2,Gd,Zn
1013016.cif,GdZn,,2,Gd,Zn
454671.cif,GdZn,,2,Gd,Zn
312625.cif,GdZn,,2,Gd,Zn
456298.cif,GdZn,,2,Gd,Zn
1821813.cif,GdZn,,2,Gd,Zn
456304.cif,GdZn,,2,Gd,Zn
558432.cif,GdZn,,2,Gd,Zn
454732.cif,GdZn,,2,Gd,Zn
1014562.cif,Gd0.70Y0.30Zn,,3,Gd0.7Y0.3,Zn
538154.cif,Gd0.90TlY0.10,ht,3,Gd0.9Y0.1,Tl
454625.cif,GdTl,ht,2,Gd,Tl
451744.cif,GdTl,ht,2,Gd,Tl
1301118.cif,GdTl,ht,2,Gd,Tl
451390.cif,GdRh,,2,Gd,Rh
450586.cif,GdRh,,2,Gd,Rh
261665.cif,GdRh,,2,Gd,Rh
528145.cif,GdRh,,2,Gd,Rh
1639507.cif,GdRh,,2,Gd,Rh
543957.cif,GdRh,,2,Gd,Rh
1014559.cif,Gd0.50Pr0.50Zn,,3,Gd0.5Pr0.5,Zn
1014561.cif,Gd0.50Nd0.50Zn,,3,Gd0.5Nd0.5,Zn
1014563.cif,GdMg0.50Zn0.50,,3,Gd,Mg0.5Zn0.5
1921997.cif,Gd0.75MgY0.25,,3,Gd0.75Y0.25,Mg
251751.cif,GdMg,,2,Gd,Mg
250275.cif,GdMg,,2,Gd,Mg
527243.cif,GdMg,,2,Mg,Gd
1231665.cif,GdMg,,2,Gd,Mg
251890.cif,GdMg,,2,Gd,Mg
1008533.cif,GdMg,,2,Gd,Mg
260565.cif,GdMg,,2,Gd,Mg
548291.cif,GdMg,,2,Gd,Mg
552399.cif,GdMg,,2,Mg,Gd
1804288.cif,GdMg,,2,Gd,Mg
456297.cif,GdMg,,2,Gd,Mg
527168.cif,GdMg,,2,Gd,Mg
457943.cif,GdMg,,2,Gd,Mg
1008534.cif,GdLi0.10Mg0.90,,3,Gd,Mg0.9Li0.1
538155.cif,Gd0.90La0.10Tl,rt,3,Gd0.9La0.1,Tl
558433.cif,GdIn0.15Zn0.85,,3,Gd,Zn0.85In0.15
538153.cif,GdIn0.10Tl0.90,ht,3,Gd,Tl0.9In0.1
1907471.cif,Gd0.16In0.84Pd,,3,In0.84Gd0.16,Pd
261847.cif,GdIn,Gd+,2,Gd,In
451751.cif,GdIn,Gd+,2,Gd,In
251895.cif,GdHg,,2,Gd,Hg
312626.cif,GdHg,,2,Gd,Hg
531599.cif,Ga0.50V1.50,ht,2,V,Ga0.5V0.5
1965769.cif,Ga0.50V1.50,ht,2,V,Ga0.5V0.5
1058465.cif,Ga0.60Ru0.40Tm,,3,Tm,Ga0.6Ru0.4
532739.cif,GaRu,,2,Ru,Ga
1959005.cif,GaRh,,2,Rh,Ga
533953.cif,GaRh,,2,Rh,Ga
455904.cif,GaRh,,2,Rh,Ga
261760.cif,Ga0.88Pd1.12,ht,2,Pd,Ga0.88Pd0.12
1350609.cif,Ga0.94Ni1.06,,2,Ni,Ga0.94Ni0.06
1351779.cif,GaNi,,2,Ni,Ga
1630182.cif,GaNi,,2,Ni,Ga
1010020.cif,GaNi,,2,Ni,Ga
530432.cif,GaNi,,2,Ni,Ga
534761.cif,GaNi,,2,Ni,Ga
1830592.cif,GaNi,,2,Ni0.98Ga0.02,Ga0.98Ni0.02
532450.cif,GaNi,,2,Ga,Ni
262167.cif,GaNi,,2,Ga,Ni
314405.cif,Ga0.10MnZn0.90,,3,Mn,Zn0.9Ga0.1
1924812.cif,Ga0.50Mn0.50Rh,,3,Ga0.5Mn0.5,Rh
1833769.cif,Ga0.48Mn0.42Rh1.10,,3,Rh,Ga0.48Mn0.42Rh0.1
1960766.cif,Ga0.30Mn0.70Pd,ht,3,Mn0.7Ga0.3,Pd
536637.cif,Ga0.50Mn0.50Pd,ht,3,Pd,Ga0.5Mn0.5
1960764.cif,Ga0.50Mn0.50Pd,ht,3,Ga0.5Mn0.5,Pd
1833784.cif,Ga0.50Mn0.50Pd,ht,3,Pd,Ga0.5Mn0.5
1058468.cif,Ga0.50LuRu0.50,,3,Lu,Ga0.5Ru0.5
532737.cif,GaIr,,2,Ir,Ga
454317.cif,FeV,ht,2,Fe,V
252221.cif,FeV,ht,2,V,Fe
535061.cif,FeV,ht,2,V,Fe
1042885.cif,Fe0.91Ti1.08Zr0.01,,3,Fe0.91Ti0.08Zr0.01,Ti
1961213.cif,Fe0.98Ti0.98Zr0.04,,3,Fe0.98Zr0.02,Ti0.98Zr0.02
1965826.cif,Fe0.94TiV0.06,,3,Ti,Fe0.94V0.06
1825362.cif,Fe0.96Ti0.94V0.10,,3,Fe0.96V0.04,Ti0.94V0.06
1959456.cif,Fe0.96Ti1.04,rt,2,Ti,Fe0.96Ti0.04
1500231.cif,FeTi,rt,2,Ti,Fe
1837139.cif,FeTi,rt,2,Fe,Ti
1411671.cif,FeTi,rt,2,Fe,Ti
1612056.cif,FeTi,rt,2,Ti,Fe
530928.cif,FeTi,rt,2,Fe,Ti
377956.cif,FeTi,rt,2,Ti,Fe
535062.cif,FeTi,rt,2,Ti,Fe
457609.cif,FeTi,rt,2,Ti,Fe
1965825.cif,FeTi,rt,2,Ti,Fe
531988.cif,FeTi,rt,2,Fe,Ti
1961260.cif,FeTi,rt,2,Ti,Fe
1055745.cif,FeTi,rt,2,Fe,Ti
1234958.cif,FeTi,rt,2,Fe,Ti
456745.cif,FeTi,rt,2,Fe,Ti
1411672.cif,FeTi,rt,2,Fe0.988Ti0.012,Ti0.988Fe0.012
261325.cif,FeTi,rt,2,Fe,Ti
1030871.cif,FeTi,rt,2,Ti,Fe
1828237.cif,FeTi,rt,2,Ti,Fe
1270725.cif,FeTi,rt,2,Fe,Ti
1214788.cif,FeTi,rt,2,Ti,Fe
252215.cif,FeTi,rt,2,Ti,Fe
1617154.cif,FeTi,rt,2,Ti,Fe
1407326.cif,FeTi,rt,2,Ti,Fe
1810015.cif,FeTi,rt,2,Fe,Ti
1961208.cif,FeTi,rt,2,Fe,Ti
533625.cif,Fe1.50Sn0.50,m,2,Fe,Fe0.5Sn0.5
1822289.cif,Fe0.95Si0.03Ti1.02,,3,Ti,Fe0.95Si0.03Ti0.02
1230419.cif,FeSi,ht-hp,2,Fe,Si
1923809.cif,FeSi,ht,2,Fe,Si
1826190.cif,Fe1.34Si0.66,ht,2,Fe,Si0.66Fe0.34
450925.cif,Fe1.34Si0.66,ht,2,Fe,Si0.66Fe0.34
1821721.cif,Fe1.39Si0.61,ht,2,Fe,Si0.608Fe0.392
1100701.cif,Fe1.50Si0.50,ht,2,Fe,Fe0.5Si0.5
307564.cif,Fe1.72Si0.28,ht,2,Fe,Fe0.72Si0.28
1824131.cif,Fe1.88Si0.12,ht,2,Fe,Fe0.88Si0.12
1720011.cif,Fe0.56Ru0.56Ti0.88,,3,Ti0.842Fe0.079Ru0.079,Fe0.4825Ru0.4825Ti0.035
1720012.cif,Fe0.76Ru0.44Ti0.80,,3,Ti0.796Fe0.204,Fe0.555Ru0.445
1720014.cif,Fe0.89Ru0.51Ti0.60,,3,Ti0.602Fe0.398,Ru0.511Fe0.489
1720015.cif,FeRu0.49Ti0.51,,3,Ti0.511Fe0.489,Fe0.507Ru0.493
1720013.cif,Fe0.88Ru0.43Ti0.69,,3,Ti0.685Fe0.315,Fe0.57Ru0.43
1833857.cif,Fe0.50RuSi0.50,,3,Fe0.5Si0.5,Ru
1946300.cif,Fe0.50RuSi0.50,,3,Ru,Fe0.5Si0.5
1963702.cif,Fe0.98Rh1.02,rt,2,Fe0.98Rh0.02,Rh
1967502.cif,Fe0.98Rh1.02,rt,2,Fe0.98Rh0.02,Rh
383097.cif,FeRh,rt,2,Fe,Rh
553575.cif,FeRh,rt,2,Fe,Rh
312258.cif,FeRh,rt,2,Fe,Rh
530667.cif,FeRh,rt,2,Fe,Rh
1929759.cif,FeRh,rt,2,Rh,Fe
534279.cif,FeRh,ht1,2,Fe,Rh
312646.cif,FeRh,rt,2,Fe,Rh
1012538.cif,FeRh,rt,2,Fe,Rh
1966523.cif,FeRh,rt,2,Fe,Rh
382062.cif,FeRh,rt,2,Rh,Fe
555218.cif,FeRh,rt,2,Fe,Rh
554817.cif,FeRh,rt,2,Fe,Rh
1235306.cif,FeRh,rt,2,Fe,Rh
311839.cif,FeRh,rt,2,Fe,Rh
1235305.cif,FeRh,rt,2,Fe,Rh
1822115.cif,Fe1.10Rh0.90,rt,2,Fe,Rh0.9Fe0.1
1407328.cif,Fe0.80Pd0.20Ti,,3,Ti,Fe0.8Pd0.2
1830228.cif,FePd0.20Rh0.80,rt,3,Fe,Rh0.8Pd0.2
1966524.cif,FePd0.10Rh0.90,rt,3,Fe,Rh0.9Pd0.1
1931765.cif,Fe0.98Pd0.07Rh0.95,rt,3,Fe0.98Pd0.02,Rh0.95Pd0.05
1922977.cif,NiTi0.92,rt,2,Ni,Ti0.921
1922978.cif,Ni0.98Ti,rt,2,Ni0.977,Ti
1922979.cif,NiTi0.94,rt,2,Ni,Ti0.942
1604523.cif,Fe0.06Ni0.94Ti,rt,3,Ti,Ni0.94Fe0.06
1831998.cif,Fe0.06Ni0.94Ti,rt,3,Ti,Ni0.94Fe0.06
1604524.cif,Fe0.06Ni0.94Ti,rt,3,Ti,Ni0.94Fe0.06
1822339.cif,Fe0.10Ni0.90Ti,rt,3,Ti,Ni0.9Fe0.1
1709300.cif,Fe0.50Ni0.50Ti,rt,3,Ti,Fe0.5Ni0.5
1833381.cif,Fe0.50Ni0.50Ti,rt,3,Ti,Fe0.5Ni0.5
1828238.cif,Fe0.60Ni0.40Ti,rt,3,Ti,Fe0.6Ni0.4
1500232.cif,Fe0.80Ni0.20Ti,rt,3,Ti,Fe0.8Ni0.2
311266.cif,Fe0.85Ni0.15Ti,rt,3,Ti,Fe0.85Ni0.15
311267.cif,Fe0.90Ni0.10Ti,rt,3,Ti,Fe0.9Ni0.1
1833805.cif,FeNi0.50Si0.50,ht,3,Fe,Ni0.5Si0.5
1836097.cif,Fe0.95Ni0.03Rh1.02,,3,Fe0.95Ni0.03Rh0.02,Rh
1967445.cif,Fe0.80Mn0.20Ti0.92Y0.08,,4,Ti0.92Y0.08,Fe0.8Mn0.2
1241709.cif,Fe0.89Mn0.17Ti0.91V0.02,,4,Ti0.914Mn0.062V0.024,Fe0.894Mn0.106
1241708.cif,Fe0.70Mn0.30Ti,,3,Ti,Fe0.7Mn0.3
1967444.cif,Fe0.80Mn0.20Ti,,3,Ti,Fe0.8Mn0.2
1965895.cif,Fe0.80Mn0.20Ti,,3,Ti,Fe0.8Mn0.2
1946577.cif,Fe0.80Mn0.20Ti,,3,Ti,Fe0.8Mn0.2
1612306.cif,Fe0.88Mn0.12Ti,,3,Fe0.885Mn0.115,Ti
1055746.cif,Fe0.90Mn0.10Ti,,3,Fe0.9Mn0.1,Ti
311265.cif,Fe0.90Mn0.10Ti,,3,Ti,Fe0.9Mn0.1
1965896.cif,Fe0.80La0.09Mn0.20Ti0.91,,4,Ti0.91La0.09,Fe0.8Mn0.2
382635.cif,FeIr0.05Rh0.95,,3,Fe,Rh0.95Ir0.05
1833809.cif,FeGa0.50V0.50,cub,3,Fe,Ga0.5V0.5
1343356.cif,Fe0.50Ga0.50Ti,,3,Ti,Fe0.5Ga0.5
1833766.cif,Fe0.42Ga0.62Rh0.96,,3,Rh0.96Fe0.04,Ga0.62Fe0.38
1924061.cif,Fe0.44Ga0.54Ni1.02,rt,3,Ni,Ga0.54Fe0.44Ni0.02
1243351.cif,Fe0.50Ga0.50Ni,rt,3,Ni,Fe0.5Ga0.5
1964617.cif,Fe0.80Ga0.70Ni0.50,rt,3,Fe0.8Ni0.2,Ga0.7Ni0.3
1833804.cif,FeGa0.50Ni0.50,rt,3,Fe,Ga0.5Ni0.5
1933567.cif,Fe1.40Ga0.60,ht,2,Fe,Ga0.6Fe0.4
1962842.cif,Fe1.46Ga0.54,ht,2,Fe,Ga0.54Fe0.46
1300924.cif,FRb,hp,2,Rb,F
1921283.cif,FRb,hp,2,Rb,F
1215481.cif,FRb,hp,2,Rb,F
1921279.cif,FK,hp,2,K,F
250282.cif,EuZn,,2,Eu,Zn
252031.cif,EuZn,,2,Eu,Zn
250307.cif,EuTl,,2,Eu,Tl
530673.cif,EuTl,,2,Eu,Tl
456415.cif,EuTe,hp,2,Eu,Te
457648.cif,EuTe,hp,2,Eu,Te
1301135.cif,EuO,hp,2,Eu,O
1006793.cif,EuMg,,2,Eu,Mg
252025.cif,EuHg,,2,Eu,Hg
250312.cif,EuHg,,2,Eu,Hg
1710944.cif,ErZn,rt,2,Er,Zn
526144.cif,ErZn,rt,2,Er,Zn
250286.cif,ErZn,rt,2,Er,Zn
530794.cif,ErZn,rt,2,Zn,Er
526723.cif,ErTl,rt,2,Er,Tl
528231.cif,ErTl,rt,2,Er,Tl
250310.cif,ErTl,rt,2,Er,Tl
1301122.cif,ErTl,rt,2,Er,Tl
1943434.cif,ErSb,hp,2,Er,Sb
531953.cif,ErRh,,2,Er,Rh
457221.cif,ErRh,,2,Er,Rh
451396.cif,ErRh,,2,Er,Rh
450583.cif,ErRh,,2,Er,Rh
1958619.cif,Er0.18Pr0.82Zn,,3,Pr0.82Er0.18,Zn
528107.cif,ErPd,ht,2,Er,Pd
251840.cif,ErPd,ht,2,Er,Pd
251747.cif,ErMg,,2,Er,Mg
527170.cif,ErMg,,2,Mg,Er
526426.cif,ErMg,,2,Mg,Er
250279.cif,ErMg,,2,Er,Mg
531826.cif,Er1.04Mg0.96,,2,Er,Mg0.96Er0.04
261939.cif,ErIr,,2,Er,Ir
451351.cif,ErIr,,2,Er,Ir
1907472.cif,Er0.20In0.80Pd,,3,In0.8Er0.2,Pd
528234.cif,ErIn,rt,2,Er,In
532430.cif,ErHg,,2,Er,Hg
250301.cif,ErHg,,2,Er,Hg
1058463.cif,ErGa0.60Ru0.40,,3,Er,Ga0.6Ru0.4
528002.cif,DyZn,rt,2,Dy,Zn
532696.cif,DyZn,rt,2,Dy,Zn
250284.cif,DyZn,rt,2,Dy,Zn
1818667.cif,DyZn,rt,2,Dy,Zn
526143.cif,DyZn,rt,2,Dy,Zn
530796.cif,DyZn,rt,2,Zn,Dy
1301120.cif,DyTl,rt,2,Dy,Tl
451747.cif,DyTl,rt,2,Dy,Tl
1818665.cif,Dy0.50Tb0.50Zn,,3,Dy0.5Tb0.5,Zn
1943432.cif,DySb,hp,2,Dy,Sb
261648.cif,DyRh,,2,Dy,Rh
457220.cif,DyRh,,2,Dy,Rh
450585.cif,DyRh,,2,Dy,Rh
451394.cif,DyRh,,2,Dy,Rh
528109.cif,DyPd,ht,2,Dy,Pd
251838.cif,DyPd,ht,2,Dy,Pd
250277.cif,DyMg,,2,Dy,Mg
527169.cif,DyMg,,2,Mg,Dy
526428.cif,DyMg,,2,Dy,Mg
1231664.cif,DyMg,,2,Dy,Mg
261989.cif,DyMg,,2,Dy,Mg
251749.cif,DyMg,,2,Dy,Mg
451745.cif,DyIn,rt,2,Dy,In
260046.cif,DyIn,rt,2,Dy,In
250299.cif,DyHg,,2,Dy,Hg
532431.cif,DyHg,,2,Dy,Hg
1831371.cif,Dy0.68Gd0.32Zn,,3,Dy0.68Gd0.32,Zn
454311.cif,CuZr,ht,2,Cu,Zr
450958.cif,CuZr,ht,2,Cu,Zr
1707399.cif,CuZn0.50Zr0.50,,3,Cu,Zn0.5Zr0.5
314456.cif,CuZn,rt,2,Cu,Zn
261607.cif,CuZn,rt,2,Cu,Zn
455349.cif,CuZn,rt,2,Cu,Zn
1961220.cif,CuZn,rt,2,Cu,Zn
456869.cif,Cu1.05Zn0.95,rt,2,Cu,Zn0.95Cu0.05
1961138.cif,Cu1.11Zn0.89,rt,2,Cu,Zn0.89Cu0.11
315021.cif,Cu0.80YZn0.20,,3,Cu0.8Zn0.2,Y
260772.cif,CuY,rt,2,Cu,Y
534898.cif,CuY,rt,2,Cu,Y
1822375.cif,CuY,rt,2,Y,Cu
1950413.cif,CuY,rt,2,Y,Cu
251947.cif,CuY,rt,2,Cu,Y
1803846.cif,CuY,rt,2,Y,Cu
1048554.cif,CuY,rt,2,Y,Cu
252229.cif,CuY,rt,2,Cu,Y
1931664.cif,CuY,rt,2,Y,Cu
451522.cif,CuY,rt,2,Y,Cu
1629317.cif,CuY,rt,2,Cu,Y
1939665.cif,CuY,rt,2,Y,Cu
315020.cif,CuY,rt,2,Cu,Y
1943194.cif,CuY,rt,2,Cu,Y
1635637.cif,CuY,rt,2,Y,Cu
1412136.cif,CuY,rt,2,Cu,Y
555622.cif,CuTm,rt,2,Tm,Cu
1048560.cif,CuTm,rt,2,Tm,Cu
454685.cif,CuTm,rt,2,Tm,Cu
530804.cif,CuTm,rt,2,Cu,Tm
250270.cif,CuTm,rt,2,Cu,Tm
1707394.cif,CuTi0.50Zn0.50,,3,Cu,Ti0.5Zn0.5
1924390.cif,Cu0.50TbZn0.50,,3,Cu0.5Zn0.5,Tb
315024.cif,Cu0.50TbZn0.50,,3,Tb,Cu0.5Zn0.5
1939666.cif,CuTb0.60Y0.40,,3,Tb0.6Y0.4,Cu
530802.cif,CuTb,rt,2,Cu,Tb
457481.cif,CuTb,rt,2,Cu,Tb
1048556.cif,CuTb,rt,2,Tb,Cu
1840164.cif,CuTb,rt,2,Tb,Cu
1939664.cif,CuTb,rt,2,Tb,Cu
315022.cif,CuTb,rt,2,Tb,Cu
250269.cif,CuTb,rt,2,Cu,Tb
456243.cif,CuTb,rt,2,Tb,Cu
528001.cif,CuTb,rt,2,Tb,Cu
1707395.cif,CuSn0.50Ti0.50,,3,Cu,Sn0.5Ti0.5
530792.cif,CuSm,cub,2,Cu,Sm
543959.cif,CuSm,cub,2,Sm,Cu
1950470.cif,CuSm,cub,2,Sm,Cu
1832810.cif,CuSm,cub,2,Sm,Cu
527258.cif,CuSc,,2,Sc,Cu
453569.cif,CuSc,,2,Cu,Sc
1960845.cif,CuSc,,2,Sc,Cu
527116.cif,CuSc,,2,Cu,Sc
1340283.cif,CuSc,,2,Cu,Sc
1943086.cif,Cu1.10Pd0.86Sn0.04,,3,Cu,Pd0.86Cu0.1Sn0.04
1826323.cif,Cu1.04Pd0.96,rt,2,Cu,Pd0.96Cu0.04
1819821.cif,Cu1.05Pd0.95,rt,2,Cu,Pd0.95Cu0.05
1943178.cif,Cu1.15Pd0.85,rt,2,Cu,Pd0.85Cu0.15
1943075.cif,Cu1.16Pd0.84,rt,2,Cu,Pd0.84Cu0.16
1719018.cif,Cu1.18Pd0.82,rt,2,Cu,Pd0.82Cu0.18
1930142.cif,Cu1.20Pd0.80,rt,2,Cu,Pd0.8Cu0.2
1051926.cif,Cu1.20Pd0.80,rt,2,Cu,Pd0.8Cu0.2
1051251.cif,Cu0.07Ni0.93Zr,ht,3,Ni0.929Cu0.071,Zr
1051250.cif,Cu0.60Ni0.40Zr,ht,3,Cu0.6Ni0.4,Zr
1051249.cif,Cu0.70Ni0.30Zr,ht,3,Cu0.7Ni0.3,Zr
1051247.cif,Cu0.70Ni0.30Zr,ht,3,Cu0.7Ni0.3,Zr
1051257.cif,Cu0.70Ni0.30Zr,ht,3,Cu0.7Ni0.3,Zr
1051248.cif,Cu0.59Ni0.41Zr,ht,3,Cu0.59Ni0.41,Zr
1905171.cif,Cu0.30Ni0.58Zn1.12,,3,Ni0.58Cu0.3Zn0.12,Zn
558248.cif,Cu0.50Ni0.50Zn,,3,Cu0.5Ni0.5,Zn
1905163.cif,Cu0.60Ni0.44Zn0.96,,3,Zn0.96Ni0.04,Cu0.6Ni0.4
302057.cif,Cu0.94Ni0.06Y,,3,Y,Cu0.94Ni0.06
1960946.cif,Cu0.30Ni0.70Ti0.70Zr0.30,,4,Ni0.7Cu0.3,Ti0.7Zr0.3
1834095.cif,Cu0.20Ni0.82Ti0.98,ht,3,Ti0.98Ni0.02,Ni0.8Cu0.2
1958512.cif,Cu0.20Ni0.80Ti,ht,3,Ni0.8Cu0.2,Ti
1245843.cif,Cu0.30Ni0.70Ti,ht,3,Ni0.7Cu0.3,Ti
1142019.cif,Cu0.50Ni0.50Ti,ht,3,Ti,Cu0.5Ni0.5
1933199.cif,Cu0.50Ni0.50Ti,ht,3,Ti,Cu0.5Ni0.5
1022389.cif,Cu0.50Ni0.50Ti,ht,3,Ti,Cu0.5Ni0.5
1962671.cif,Cu0.50Ni0.50Ti,ht,3,Ti,Cu0.5Ni0.5
1008830.cif,Cu0.80Mn0.20Sm,,3,Sm,Cu0.8Mn0.2
1629322.cif,Cu0.04Mg0.96Y,,3,Mg0.96Cu0.04,Y
1629318.cif,Cu0.94Mg0.06Y,,3,Cu0.94Mg0.06,Y
1832812.cif,Cu0.01Mg0.99Sm,,3,Sm,Mg0.994Cu0.006
1832811.cif,Cu0.98Mg0.02Sm,,3,Sm,Cu0.984Mg0.016
1707396.cif,CuIn0.50Ti0.50,ht,3,Cu,In0.5Ti0.5
1814672.cif,CuIn0.50Ti0.50,ht,3,Cu,In0.5Ti0.5
1051922.cif,Cu0.08In0.88Pd1.04,,3,Pd,In0.88Cu0.08Pd0.04
1051927.cif,Cu0.92In0.06Pd1.02,,3,Cu0.92In0.06Pd0.02,Pd
250267.cif,CuHo,,2,Cu,Ho
1147479.cif,CuHo,,2,Ho,Cu
1822624.cif,CuHo,,2,Ho,Cu
1820233.cif,CuHo,,2,Ho,Cu
530805.cif,CuHo,,2,Cu,Ho
1930143.cif,CuHo,,2,Cu,Ho
454684.cif,CuHo,,2,Ho,Cu
1048558.cif,CuHo,,2,Ho,Cu
1340076.cif,CuHg0.50Mn0.50,,3,Hg0.5Mn0.5,Cu
1965649.cif,Cu0.30Hf0.25Ni0.70Ti0.50Zr0.25,ht,5,Ni0.7Cu0.3,Ti0.5Hf0.25Zr0.25
1814671.cif,CuHf0.50In0.50,cub2,3,Cu,Hf0.5In0.5
1249769.cif,Cu0.50Ge0.50Rh,,3,Rh,Cu0.5Ge0.5
1013014.cif,CuGd,rt,2,Gd,Cu
451742.cif,CuGd,rt,2,Gd,Cu
528142.cif,CuGd,rt,2,Gd,Cu
1301220.cif,CuGd,rt,2,Gd,Cu
1826091.cif,CuGd,rt,2,Gd,Cu
1929850.cif,CuGd,rt,2,Gd,Cu
1248509.cif,CuGd,rt,2,Gd,Cu
525521.cif,CuGd,rt,2,Cu,Gd
558797.cif,CuGd,rt,2,Gd,Cu
1048555.cif,CuGd,rt,2,Gd,Cu
260158.cif,CuGd,rt,2,Cu,Gd
1210679.cif,Cu0.70Ga0.30Y,,3,Cu0.7Ga0.3,Y
1635654.cif,Cu0.82Ga0.18Y,,3,Cu0.82Ga0.18,Y
302058.cif,Cu0.90Ga0.10Y,,3,Y,Cu0.9Ga0.1
1709242.cif,Cu0.50Ga0.50Ho,,3,Ho,Cu0.5Ga0.5
1010266.cif,Cu0.50Fe0.50Ti,,3,Ti,Cu0.5Fe0.5
1270635.cif,Cu0.05Fe0.86Mn0.10TiY0.05,,5,Fe0.86Mn0.1Cu0.05Y0.05,Ti
1152967.cif,Cu0.80Fe0.20Gd,,3,Gd,Cu0.8Fe0.2
451523.cif,CuEu,stab,2,Eu,Cu
1828083.cif,Cu0.50ErGa0.50,,3,Er,Cu0.5Ga0.5
1931722.cif,Cu0.52ErGa0.48,,3,Er,Cu0.52Ga0.48
1931721.cif,CuEr,,2,Er,Cu
1048559.cif,CuEr,,2,Er,Cu
261087.cif,CuEr,,2,Cu,Er
526737.cif,CuEr,,2,Er,Cu
250268.cif,CuEr,,2,Cu,Er
454683.cif,CuEr,,2,Er,Cu
1942845.cif,CuEr,,2,Er,Cu
525520.cif,CuEr,,2,Cu,Er
533787.cif,CuEr,,2,Cu,Er
1928066.cif,Cu0.90DyNi0.10,,3,Cu0.9Ni0.1,Dy
526739.cif,CuDy,,2,Cu,Dy
525786.cif,CuDy,,2,Dy,Cu
528003.cif,CuDy,,2,Dy,Cu
1928065.cif,CuDy,,2,Cu,Dy
451750.cif,CuDy,,2,Dy,Cu
530803.cif,CuDy,,2,Cu,Dy
1048557.cif,CuDy,,2,Dy,Cu
260072.cif,CuDy,,2,Dy,Cu
458404.cif,CuDy,,2,Cu,Dy
1521393.cif,CsN,rt,2,Cs,N
1965468.cif,Cs0.96IZn0.02,,3,Cs0.9604Zn0.0196,I
545662.cif,Cs0.07ITl0.93,,3,Tl0.93Cs0.07,I
1014642.cif,Cs0.98ITl0.02,,3,Cs0.98Tl0.02,I
1040368.cif,CsI,rt,2,Cs,I
1101008.cif,CsI,rt,2,Cs,I
380502.cif,CsI,rt,2,Cs,I
1310279.cif,CsI,rt,2,Cs,I
380505.cif,CsI,rt,2,Cs,I
1521334.cif,CsI,rt,2,Cs,I
1014641.cif,CsI,rt,2,Cs,I
1605305.cif,CsI,rt,2,Cs,I
1238197.cif,CsI,rt,2,Cs,I
1605602.cif,CsI,rt,2,Cs,I
541231.cif,CsI,rt,2,Cs,I
1300927.cif,CsI,rt,2,Cs,I
376646.cif,CsI,rt,2,Cs,I
553272.cif,CsI,rt,2,Cs,I
553897.cif,CsI,rt,2,Cs,I
1300405.cif,CsI,rt,2,Cs,I
541161.cif,CsI,rt,2,Cs,I
1921284.cif,CsF,hp,2,Cs,F
1965920.cif,Cr0.01Pb0.99Se,hp2,3,Pb0.99Cr0.01,Se
1965765.cif,Cr0.50Ga0.50Ti0.50V0.50,,4,Cr0.5V0.5,Ga0.5Ti0.5
1960956.cif,Cr0.30Ga0.50Mn1.20,,3,Mn,Ga0.5Cr0.3Mn0.2
1965766.cif,Cr0.50Fe0.02Ga0.50Ti0.50V0.50,,5,Cr0.495V0.495Fe0.01,Ga0.495Ti0.495Fe0.01
1949474.cif,Cr0.04CuZr0.96,,3,Zr0.96Cr0.04,Cu
1942876.cif,CoZr,,2,Co,Zr
1235520.cif,CoZr,,2,Co,Zr
450960.cif,CoZr,,2,Co,Zr
252228.cif,CoZr,,2,Zr,Co
1962897.cif,CoZr,,2,Zr,Co
1822466.cif,CoZr,,2,Co,Zr
457966.cif,CoZr,,2,Co,Zr
1141448.cif,CoZr,,2,Co,Zr
1940881.cif,CoZr,,2,Zr,Co
531763.cif,CoZr,,2,Co,Zr
531823.cif,CoZr,,2,Co,Zr
260019.cif,CoZr,,2,Zr,Co
1406084.cif,CoZr,,2,Zr,Co
1946580.cif,CoZr,,2,Zr,Co
1607476.cif,CoZr,,2,Zr,Co
1235521.cif,Co0.90Zn0.10Zr,,3,Co0.9Zn0.1,Zr
1941818.cif,CoTi0.70Zr0.30,?,3,Co,Ti0.7Zr0.3
1941821.cif,CoTi0.70Zr0.30,,3,Co,Ti0.7Zr0.3
1836419.cif,CoTi0.20Zr0.80,,3,Zr0.8Ti0.2,Co
1946581.cif,CoTi0.20Zr0.80,,3,Zr0.8Ti0.2,Co
1413593.cif,Co0.98Ti1.02,,2,Ti,Co0.98Ti0.02
1617190.cif,CoTi,,2,Ti,Co
547074.cif,CoTi,,2,Ti,Co
252217.cif,CoTi,,2,Ti,Co
1941820.cif,CoTi,,2,Co,Ti
535063.cif,CoTi,,2,Ti,Co
455161.cif,CoTi,,2,Ti,Co
1617155.cif,CoTi,,2,Ti,Co
1217759.cif,CoTi,,2,Co,Ti
558348.cif,CoTi,,2,Co,Ti
261324.cif,CoTi,,2,Co,Ti
1617146.cif,CoTi,,2,Ti,Co
455385.cif,CoTi,,2,Co,Ti
457608.cif,CoTi,,2,Ti,Co
382900.cif,CoTi,,2,Co,Ti
1945454.cif,Co0.96Ta0.13Ti0.91,,3,Co0.96Ta0.04,Ti0.91Ta0.09
533566.cif,Co1.50Sn0.50,hp2,2,Co,Co0.5Sn0.5
533624.cif,Co1.50Sn0.50,hp2,2,Co,Co0.5Sn0.5
1322343.cif,Co1.20Si0.50V0.30,,3,Si0.5V0.3Co0.2,Co
1940502.cif,Co0.92Si0.08Ti,,3,Ti,Co0.92Si0.08
1832581.cif,CoSi,tf,2,Co,Si
1815120.cif,CoSi,,2,Co,Si
1946582.cif,CoSc0.20Zr0.80,,3,Zr0.8Sc0.2,Co
527256.cif,CoSc,,2,Sc,Co
453568.cif,CoSc,,2,Co,Sc
527118.cif,CoSc,,2,Sc,Co
547054.cif,Co1.50Sb0.10Sn0.40,m,3,Co,Co0.5Sn0.4Sb0.1
539747.cif,Co0.76Ni0.24Zr,,3,Zr,Co0.76Ni0.24
461233.cif,Co0.80Ni0.20Zr,,3,Zr,Co0.8Ni0.2
461234.cif,Co0.80Ni0.20Zr,,3,Zr,Co0.8Ni0.2
1946583.cif,Co0.80Ni0.20Zr,,3,Zr,Co0.8Ni0.2
1822467.cif,Co0.80Ni0.20Zr,,3,Co0.8Ni0.2,Zr
1921366.cif,Co0.80Ni0.20Zr,,3,Zr,Co0.8Ni0.2
1836420.cif,Co0.80Ni0.20Ti0.20Zr0.80,,4,Zr0.8Ti0.2,Co0.8Ni0.2
1617147.cif,Co0.20Ni0.80Ti,,3,Ti,Ni0.8Co0.2
1413592.cif,Co0.26Ni0.74Ti,,3,Ti,Ni0.74Co0.26
1831358.cif,Co0.42Ni0.66Ti0.92,,3,Ti0.92Ni0.08,Ni0.58Co0.42
1617191.cif,Co0.50Ni0.50Ti,,3,Ti,Co0.5Ni0.5
1617157.cif,Co0.75Ni0.25Ti,,3,Ti,Co0.75Ni0.25
1941822.cif,Co0.84Ni0.16Ti,,3,Co0.84Ni0.16,Ti
1625397.cif,CoNb0.26Zr0.74,,3,Zr0.74Nb0.26,Co
1822347.cif,CoNb0.10Zr0.90,,3,Zr0.9Nb0.1,Co
1822343.cif,CoNb0.10Ti0.90,,3,Ti0.9Nb0.1,Co
1947057.cif,CoMn0.50Si0.50,tf,3,Co,Mn0.5Si0.5
1011021.cif,CoMn0.50Si0.50,,3,Co,Mn0.5Si0.5
1260684.cif,Co0.25Mn0.72Ni0.73Ti0.30,tf,4,Mn0.7Ti0.3,Ni0.73Co0.25Mn0.02
1967493.cif,Co0.18Mn0.78Ni0.83Sn0.20Ti0.01,,5,Ni0.83Co0.17,Mn0.78Sn0.2Co0.01Ti0.01
1243480.cif,Co0.16MnNi0.68Sn0.16,,4,Mn,Ni0.68Co0.16Sn0.16
547053.cif,Co1.50In0.25Sn0.25,m,3,Co,Co0.5In0.25Sn0.25
547052.cif,Co1.50In0.10Sn0.40,m,3,Co,Co0.5Sn0.4In0.1
1607477.cif,CoHf0.50Zr0.50,,3,Hf0.5Zr0.5,Co
1966510.cif,Co0.89HfMo0.11,,3,Hf,Co0.89Mo0.11
252226.cif,CoHf,,2,Hf,Co
1629627.cif,CoHf,,2,Co,Hf
450354.cif,CoHf,,2,Co,Hf
1946419.cif,CoHf,,2,Hf,Co
450471.cif,CoHf,,2,Hf,Co
1607478.cif,CoHf,,2,Hf,Co
1941819.cif,CoHf,,2,Co,Hf
533303.cif,CoHf,,2,Co,Hf
1967448.cif,CoHf,,2,Hf,Co
1821814.cif,Co0.10GdZn0.90,,3,Gd,Zn0.9Co0.1
1055725.cif,Co0.82Ga0.76V0.42,,3,Co0.82V0.18,Ga0.76V0.24
382901.cif,CoGa0.60Ti0.40,,3,Co,Ga0.6Ti0.4
382902.cif,CoGa0.40Ti0.60,,3,Co,Ti0.6Ga0.4
1937287.cif,Co0.96Ga0.90Si0.14,,3,Co0.96Si0.04,Ga0.9Si0.1
1650307.cif,Co0.65Ga0.35Sc,,3,Sc,Co0.65Ga0.35
303437.cif,Co0.50GaNi0.50,,3,Co0.5Ni0.5,Ga
1010021.cif,Co0.60GaNi0.40,,3,Co0.6Ni0.4,Ga
555911.cif,CoGa0.77Mn0.13V0.10,,4,Ga0.775Mn0.125V0.1,Co
1928885.cif,CoGa0.25Mn0.50Si0.25,,4,Co,Mn0.5Ga0.25Si0.25
538403.cif,Co0.70GaMn0.30,,3,Ga,Co0.7Mn0.3
302214.cif,CoGa0.69Mn0.31,,3,Co,Ga0.69Mn0.31
1005523.cif,Co0.60Ga0.40Hf,,3,Co0.6Ga0.4,Hf
261812.cif,CoGa,,2,Co,Ga
382903.cif,CoGa,,2,Co,Ga
532447.cif,CoGa,,2,Co,Ga
532451.cif,CoGa,,2,Co,Ga
261288.cif,CoGa,,2,Co,Ga
454524.cif,CoGa,,2,Co,Ga
555171.cif,CoGa,,2,Co,Ga
533539.cif,CoGa,,2,Co,Ga
1431488.cif,CoGa,,2,Co,Ga
1010019.cif,CoGa,,2,Co,Ga
1435323.cif,CoGa,,2,Co,Ga
454640.cif,CoGa,,2,Co,Ga
454913.cif,Co1.16Ga0.84,,2,Co,Ga0.84Co0.16
1957925.cif,Co1.17Ga0.83,,2,Co,Ga0.83Co0.17
1946584.cif,Co0.80Fe0.20Zr,,3,Zr,Co0.8Fe0.2
1240100.cif,Co0.90Fe0.10Zr,,3,Zr,Co0.9Fe0.1
1400449.cif,CoFe0.01Zr,,3,Zr,Co0.995Fe0.005
1617156.cif,Co0.50Fe0.50Ti,,3,Ti,Co0.5Fe0.5
546994.cif,Co0.80Fe0.70Sn0.50,m,3,Co0.53Fe0.47,Sn0.5Co0.27Fe0.23
1965579.cif,Co0.84Fe0.95Sm0.21,,3,Fe0.95Sm0.05,Co0.84Sm0.16
1831323.cif,CoFe0.50Si0.50,tf,3,Co,Fe0.5Si0.5
1957801.cif,CoFe0.50Si0.50,tf,3,Co,Fe0.5Si0.5
1949830.cif,CoFe0.50Si0.50,tf,3,Co,Fe0.5Si0.5
1833858.cif,Co0.25Fe0.50Ru0.75Si0.50,,4,Fe0.5Si0.5,Ru0.75Co0.25
555220.cif,Co0.04FeRh0.96,rt,3,Fe,Rh0.96Co0.04
1541247.cif,Co0.50Fe0.50Mn0.33Si0.67,,4,Si0.333Co0.25Fe0.25Mn0.167,Si0.333Co0.25Fe0.25Mn0.167
1964495.cif,Co0.26Fe0.04Mn0.70Ni0.70Ti0.30,,5,Mn0.7Ti0.3,Ni0.7Co0.26Fe0.04
538402.cif,Co0.50Fe0.50Ga,ht,3,Ga,Co0.5Fe0.5
1957927.cif,Co1.11Fe0.06Ga0.83,ht,3,Co,Ga0.83Co0.11Fe0.06
1965535.cif,Co0.68Fe1.32,rt,2,Fe,Co0.68Fe0.32
1330342.cif,CoFe,rt,2,Co,Fe
1820473.cif,CoFe,rt,2,Co,Fe
535037.cif,CoFe,rt,2,Co,Fe
1940370.cif,CoFe,rt,2,Fe,Co
1826262.cif,CoFe,rt,2,Fe,Co
1942875.cif,Co0.40Cu0.60Zr,,3,Cu0.6Co0.4,Zr
1946188.cif,Co0.25Cu0.50Ni0.25Zr,ht,4,Zr,Cu0.5Co0.25Ni0.25
1961237.cif,Co0.10Cu0.03In0.26Mn0.73Ni0.87,,5,Ni0.874Co0.096Cu0.03,Mn0.734In0.26Co0.006
302729.cif,Co0.94Cu0.11Ga0.95,,3,Co0.94Cu0.06,Ga0.95Cu0.05
302728.cif,Co0.95Cu0.11Ga0.94,,3,Co0.95Cu0.05,Ga0.94Cu0.06
1957928.cif,Co1.11Cu0.06Ga0.83,,3,Co,Ga0.83Co0.11Cu0.06
555176.cif,Co0.67Cr0.33Ga,,3,Co0.67Cr0.33,Ga
1957926.cif,Co1.11Cr0.06Ga0.83,,3,Co,Ga0.83Co0.11Cr0.06
1638679.cif,CNRb,hp1,3,Rb,CN
1001347.cif,CCsN,rt,3,Cs,CN
541942.cif,ClTl,,2,Tl,Cl
1143548.cif,ClTl,,2,Tl,Cl
1713138.cif,ClTl,,2,Tl,Cl
1715129.cif,ClTl,,2,Tl,Cl
1800809.cif,ClTl,,2,Tl,Cl
545660.cif,ClTl,,2,Tl,Cl
1801599.cif,ClTl,,2,Tl,Cl
375037.cif,ClTl,,2,Tl,Cl
1605302.cif,ClTl,,2,Tl,Cl
1715126.cif,ClTl,,2,Tl,Cl
557461.cif,ClTl,,2,Tl,Cl
1040370.cif,ClTl,,2,Tl,Cl
1231691.cif,ClTl,,2,Tl,Cl
1500568.cif,ClTl,,2,Tl,Cl
1102117.cif,ClTl,,2,Tl,Cl
1102118.cif,ClRb0.12Tl0.88,,3,Tl0.88Rb0.12,Cl
1921282.cif,ClRb,hp,2,Rb,Cl
1925201.cif,ClRb,hp,2,Rb,Cl
1214535.cif,ClRb,hp,2,Rb,Cl
1925143.cif,ClRb,hp,2,Rb,Cl
1715127.cif,ClRb,hp,2,Rb,Cl
1638526.cif,ClNa,hp,2,Cl,Na
530566.cif,ClNa,hp,2,Cl,Na
1605493.cif,ClNa,hp,2,Na,Cl
1933444.cif,ClNa,hp,2,Na,Cl
380812.cif,ClNa,hp,2,Na,Cl
1816911.cif,ClNa,hp,2,Na,Cl
1623789.cif,ClNa,hp,2,Cl,Na
375038.cif,ClK0.05Tl0.95,,3,Tl0.95K0.05,Cl
1713137.cif,ClK0.05Tl0.95,,3,Tl0.95K0.05,Cl
1714574.cif,ClK,hp,2,K,Cl
1921278.cif,ClK,hp,2,K,Cl
1254480.cif,ClK,hp,2,K,Cl
545664.cif,Cl0.98I0.02Tl,,3,Tl,Cl0.98I0.02
1830856.cif,ClCs0.98Rb0.02,,3,Cs0.982Rb0.018,Cl
305324.cif,ClCs0.93Rb0.07,,3,Cs0.93Rb0.07,Cl
1310277.cif,ClCs,rt,2,Cs,Cl
1300925.cif,ClCs,rt,2,Cs,Cl
1951921.cif,ClCs,rt,2,Cs,Cl
1951911.cif,ClCs,rt,2,Cs,Cl
1951923.cif,ClCs,rt,2,Cs,Cl
1300368.cif,ClCs,rt,2,Cs,Cl
1951924.cif,ClCs,rt,2,Cs,Cl
1300364.cif,ClCs,rt,2,Cs,Cl
1951925.cif,ClCs,rt,2,Cs,Cl
1814785.cif,ClCs,rt,2,Cs,Cl
1500979.cif,ClCs,rt,2,Cs,Cl
1951927.cif,ClCs,rt,2,Cs,Cl
1052264.cif,ClCs,rt,2,Cs,Cl
1951912.cif,ClCs,rt,2,Cs,Cl
1951913.cif,ClCs,rt,2,Cs,Cl
1951929.cif,ClCs,rt,2,Cs,Cl
1951914.cif,ClCs,rt,2,Cs,Cl
1351191.cif,ClCs,rt,2,Cs,Cl
1250083.cif,ClCs,rt,2,Cs,Cl
1951915.cif,ClCs,rt,2,Cs,Cl
1951910.cif,ClCs,rt,2,Cs,Cl
1052266.cif,ClCs,rt,2,Cs,Cl
531785.cif,ClCs,rt,2,Cs,Cl
1700166.cif,ClCs,rt,2,Cs,Cl
1951916.cif,ClCs,rt,2,Cs,Cl
376449.cif,ClCs,rt,2,Cs,Cl
1951928.cif,ClCs,rt,2,Cs,Cl
1951917.cif,ClCs,rt,2,Cs,Cl
1951918.cif,ClCs,rt,2,Cs,Cl
305323.cif,ClCs,rt,2,Cs,Cl
556284.cif,ClCs,rt,2,Cs,Cl
1720039.cif,ClCs,rt,2,Cs,Cl
1230122.cif,ClCs,rt,2,Cs,Cl
556937.cif,ClCs,rt,2,Cs,Cl
1951930.cif,ClCs,rt,2,Cs,Cl
1830857.cif,ClCs,rt,2,Cs,Cl
1951931.cif,ClCs,rt,2,Cs,Cl
1951922.cif,ClCs,rt,2,Cs,Cl
1951919.cif,ClCs,rt,2,Cs,Cl
311754.cif,ClCs,rt,2,Cs,Cl
1951926.cif,ClCs,rt,2,Cs,Cl
533991.cif,ClCs,rt,2,Cs,Cl
1951920.cif,ClCs,rt,2,Cs,Cl
1951933.cif,ClCs,rt,2,Cs,Cl
1951932.cif,ClCs,rt,2,Cs,Cl
1720967.cif,CeZn,rt,2,Ce,Zn
453502.cif,CeZn,rt,2,Ce,Zn
1522306.cif,CeZn,rt,2,Ce,Zn
454430.cif,CeZn,rt,2,Ce,Zn
1006733.cif,CeZn,rt,2,Ce,Zn
456077.cif,CeZn,rt,2,Ce,Zn
454725.cif,CeZn,rt,2,Ce,Zn
1128921.cif,CeZn,rt,2,Ce,Zn
558971.cif,CeZn,rt,2,Ce,Zn
558970.cif,CeZn,rt,2,Ce,Zn
558969.cif,CeZn,rt,2,Ce,Zn
251975.cif,CeZn,rt,2,Ce,Zn
552401.cif,CeZn,rt,2,Zn,Ce
1226327.cif,CeZn,rt,2,Ce,Zn
1922451.cif,Ce0.20Y0.80Zn,,3,Y0.8Ce0.2,Zn
1301114.cif,CeTl,rt,2,Ce,Tl
538342.cif,Ce0.20RhY0.80,,3,Y0.8Ce0.2,Rh
455774.cif,CeP,hp,2,Ce,P
1128918.cif,CeMg0.64Zn0.36,,3,Ce,Mg0.64Zn0.36
1128919.cif,CeMg0.28Zn0.72,,3,Ce,Zn0.72Mg0.28
1922449.cif,Ce0.20MgY0.80,,3,Y0.8Ce0.2,Mg
1818018.cif,Ce0.60MgY0.40,,3,Ce0.6Y0.4,Mg
1839056.cif,Ce1.02Mg0.95Sr0.03,,3,Ce,Mg0.954Sr0.026Ce0.02
1128920.cif,CeMg,,2,Ce,Mg
1008767.cif,CeMg,,2,Ce,Mg
261143.cif,CeMg,,2,Mg,Ce
456074.cif,CeMg,,2,Ce,Mg
552395.cif,CeMg,,2,Mg,Ce
1818017.cif,CeMg,,2,Ce,Mg
454726.cif,CeMg,,2,Ce,Mg
251754.cif,CeMg,,2,Ce,Mg
1922452.cif,Ce0.20La0.80Zn,,3,La0.8Ce0.2,Zn
1922450.cif,Ce0.20La0.80Mg,,3,La0.8Ce0.2,Mg
251981.cif,CeHg,,2,Ce,Hg
251880.cif,CeHg,,2,Ce,Hg
1522307.cif,CeCu0.50Zn0.50,,3,Ce,Cu0.5Zn0.5
530677.cif,CdYb,,2,Cd,Yb
250295.cif,CdYb,,2,Cd,Yb
251482.cif,CdYb,,2,Cd,Yb
530679.cif,CdY,rt,2,Cd,Y
251951.cif,CdY,rt,2,Cd,Y
532729.cif,CdY,rt,2,Y,Cd
551737.cif,CdY,rt,2,Y,Cd
250294.cif,CdTm,rt,2,Cd,Tm
551735.cif,CdTm,rt,2,Tm,Cd
530678.cif,CdTm,rt,2,Cd,Tm
453538.cif,CdTm,rt,2,Tm,Cd
453539.cif,CdTb,,2,Tb,Cd
530683.cif,CdTb,,2,Cd,Tb
454736.cif,CdTb,,2,Tb,Cd
530265.cif,CdTb,,2,Cd,Tb
250290.cif,CdTb,,2,Cd,Tb
451191.cif,CdSr,,2,Cd,Sr
261520.cif,CdSr,,2,Cd,Sr
251899.cif,CdSm,,2,Cd,Sm
530267.cif,CdSm,,2,Cd,Sm
530671.cif,CdSm,,2,Cd,Sm
450951.cif,CdSm,,2,Cd,Sm
532782.cif,CdSc,,2,Sc,Cd
1400010.cif,CdSc,,2,Sc,Cd
452075.cif,CdSc,,2,Cd,Sc
453489.cif,CdPr,rt,2,Pr,Cd
455256.cif,CdPr,rt,2,Cd,Pr
530261.cif,CdPr,rt,2,Cd,Pr
551740.cif,CdPr,rt,2,Pr,Cd
454734.cif,CdPr,rt,2,Pr,Cd
453504.cif,CdPr,rt,2,Cd,Pr
531880.cif,Cd1.15Pd0.85,ht,2,Cd,Pd0.85Cd0.15
530260.cif,CdNd,rt,2,Cd,Nd
551739.cif,CdNd,rt,2,Nd,Cd
454735.cif,CdNd,rt,2,Nd,Cd
250296.cif,CdLu,,2,Cd,Lu
453537.cif,CdLu,,2,Lu,Cd
546102.cif,Cd0.25LiTl0.75,,3,Li,Tl0.75Cd0.25
1925855.cif,CdLi,hp,2,Li,Cd
530258.cif,CdLa,rt,2,Cd,La
551742.cif,CdLa,rt,2,La,Cd
453503.cif,CdLa,rt,2,La,Cd
455252.cif,CdLa,rt,2,La,Cd
453490.cif,CdLa,rt,2,La,Cd
251639.cif,CdLa,rt,2,La,Cd
453535.cif,CdHo,,2,Ho,Cd
530262.cif,CdHo,,2,Cd,Ho
530681.cif,CdHo,,2,Cd,Ho
250292.cif,CdHo,,2,Cd,Ho
1716308.cif,Cd0.80GdRu0.20,,3,Gd,Cd0.8Ru0.2
1716307.cif,Cd0.90GdRu0.10,,3,Gd,Cd0.9Ru0.1
551738.cif,CdGd,rt,2,Gd,Cd
454737.cif,CdGd,rt,2,Gd,Cd
251453.cif,CdGd,rt,2,Cd,Gd
558798.cif,CdGd,rt,2,Gd,Cd
251896.cif,CdGd,rt,2,Gd,Cd
530684.cif,CdGd,rt,2,Cd,Gd
312627.cif,CdGd,rt,2,Gd,Cd
530266.cif,CdGd,rt,2,Cd,Gd
1831395.cif,CdGd,rt,2,Cd,Gd
456713.cif,Cd0.90Eu1.10,,2,Eu,Cd0.9Eu0.1
250297.cif,CdEu,,2,Cd,Eu
252027.cif,CdEu,,2,Cd,Eu
530685.cif,CdEu,,2,Cd,Eu
453536.cif,CdEr,,2,Er,Cd
530264.cif,CdEr,,2,Cd,Er
250293.cif,CdEr,,2,Cd,Er
530680.cif,CdEr,,2,Cd,Er
530682.cif,CdDy,rt,2,Cd,Dy
250291.cif,CdDy,rt,2,Cd,Dy
530263.cif,CdDy,rt,2,Cd,Dy
551736.cif,CdDy,rt,2,Dy,Cd
301965.cif,Cd0.90Cu0.10Sr,,3,Sr,Cd0.9Cu0.1
530259.cif,CdCe,rt,2,Cd,Ce
455254.cif,CdCe,rt,2,Ce,Cd
453499.cif,CdCe,rt,2,Ce,Cd
1724931.cif,CdCe,rt,2,Ce,Cd
551741.cif,CdCe,rt,2,Ce,Cd
1008820.cif,CdCe,rt,2,Ce,Cd
453488.cif,CdCe,rt,2,Ce,Cd
458265.cif,CaTl,,2,Ca,Tl
458454.cif,CaTl,,2,Ca,Tl
529481.cif,CaTl,,2,Ca,Tl
533920.cif,CaTe,hp2,2,Ca,Te
251721.cif,CaPd,,2,Ca,Pd
260078.cif,CaPd,,2,Ca,Pd
450963.cif,CaPd,,2,Ca,Pd
450113.cif,CaPd,,2,Ca,Pd
1936762.cif,CaPd,,2,Ca,Pd
1922420.cif,CaIn0.50Tl0.50,,3,Ca,In0.5Tl0.5
458455.cif,CaIn,rt,2,Ca,In
250227.cif,CaIn,rt,2,Ca,In
251702.cif,CaHg,,2,Ca,Hg
1922419.cif,CaCd0.50Tl0.50,,3,Ca,Cd0.5Tl0.5
453486.cif,CaCd,,2,Ca,Cd
458456.cif,CaCd,,2,Ca,Cd
545064.cif,BrTl,,2,Tl,Br
541941.cif,BrTl,,2,Br,Tl
556994.cif,BrTl,,2,Tl,Br
1923647.cif,BrTl,,2,Tl,Br
1801600.cif,BrTl,,2,Tl,Br
557462.cif,BrTl,,2,Tl,Br
1605303.cif,BrTl,,2,Tl,Br
1102113.cif,BrTl,,2,Tl,Br
1040127.cif,BrTl,,2,Tl,Br
1948333.cif,BrTl,,2,Tl,Br
1102114.cif,BrRb0.20Tl0.80,,3,Tl0.8Rb0.2,Br
1925144.cif,BrRb,hp,2,Rb,Br
1500981.cif,BrRb,hp,2,Rb,Br
1921281.cif,BrRb,hp,2,Rb,Br
1542329.cif,BrLi,cP,2,Br,Li
1921277.cif,BrK,hp,2,K,Br
545065.cif,Br0.35I0.65Tl,,3,Tl,I0.65Br0.35
1923649.cif,Br0.54I0.46Tl,,3,Tl,Br0.538I0.462
1965467.cif,BrCs0.72Zn0.14,,3,Cs0.7224Zn0.1376,Br
1925339.cif,BrCs0.90Rb0.10,,3,Cs0.9Rb0.1,Br
553275.cif,Br0.09CsI0.91,,3,Cs,I0.91Br0.09
1101009.cif,Br0.50CsI0.50,,3,Cs,Br0.5I0.5
553274.cif,Br0.94CsI0.06,,3,Cs,Br0.94I0.06
556287.cif,BrCs,rt,2,Cs,Br
1200050.cif,BrCs,rt,2,Cs,Br
1605216.cif,BrCs,rt,2,Cs,Br
1415172.cif,BrCs,rt,2,Cs,Br
1101007.cif,BrCs,rt,2,Cs,Br
553273.cif,BrCs,rt,2,Cs,Br
1503099.cif,BrCs,rt,2,Cs,Br
1638440.cif,BrCs,rt,2,Cs,Br
1965466.cif,BrCs,rt,2,Cs,Br
1925338.cif,BrCs,rt,2,Cs,Br
553896.cif,BrCs,rt,2,Cs,Br
1605601.cif,BrCs,rt,2,Cs,Br
1814786.cif,BrCs,rt,2,Cs,Br
1650339.cif,BrCs,rt,2,Cs,Br
1310278.cif,BrCs,rt,2,Cs,Br
1500980.cif,BrCs,rt,2,Cs,Br
1300926.cif,BrCs,rt,2,Cs,Br
1818155.cif,BrCs,rt,2,Cs,Br
1052262.cif,BrCs,rt,2,Cs,Br
545239.cif,Br0.50Cl0.50Tl,,3,Tl,Br0.5Cl0.5
556285.cif,Br0.90Cl0.10Cs0.90Rb0.10,,4,Cs0.9Rb0.1,Br0.9Cl0.1
1814787.cif,Br0.50Cl0.50Cs,,3,Cs,Br0.5Cl0.5
556286.cif,Br0.50Cl0.50Cs,,3,Cs,Br0.5Cl0.5
1715660.cif,BiTl,cub,2,Tl,Bi
450293.cif,BiTh,m,2,Bi,Th
1831345.cif,BiTh,m,2,Th,Bi
1539043.cif,BiS,hp,2,S,Bi
1835445.cif,BiPr,hp,2,Pr,Bi
1962890.cif,Bi0.07Mn0.93Rh,,3,Mn0.93Bi0.07,Rh
1960875.cif,Bi0ClTl,,3,Tl0.999Bi0.001,Cl
456071.cif,BiCe,hp2,2,Ce,Bi
1253846.cif,BeTi0.82Zr0.18,m,3,Ti0.82Zr0.18,Be
531891.cif,BeTi,m,2,Ti,Be
458413.cif,BeRh,,2,Rh,Be
455339.cif,BePd,,2,Pd,Be
532051.cif,BeNi,,2,Be,Ni
261807.cif,BeNi,,2,Be,Ni
1838079.cif,BeNi,,2,Be,Ni
1301611.cif,Be0.56Fe1.44,m,2,Fe,Be0.56Fe0.44
457905.cif,BeCu,,2,Be,Cu
1253845.cif,BeCr0.16Ni0.84,,3,Be,Ni0.84Cr0.16
1228196.cif,BeCo,,2,Be,Co
261737.cif,BeCo,,2,Be,Co
1228266.cif,BeCo,,2,Be,Co
453736.cif,BeCo,,2,Co,Be
455338.cif,BeCo,,2,Be,Co
260441.cif,BaZn,,2,Ba,Zn
251916.cif,BaZn,,2,Ba,Zn
532159.cif,BaTe,hp,2,Ba,Te
533972.cif,BaSe,hp,2,Ba,Se
532158.cif,BaSe,hp,2,Ba,Se
1153058.cif,BaSe,hp,2,Ba,Se
1301152.cif,BaS,hp,2,Ba,S
549105.cif,BaS,hp,2,Ba,S
450822.cif,BaHg,,2,Ba,Hg
451190.cif,BaHg,,2,Ba,Hg
1153059.cif,BaCo0Se,,3,Ba0.998Co0.002,Se
451193.cif,BaCd,,2,Ba,Cd
453487.cif,BaCd,,2,Ba,Cd
1635525.cif,B0.67Fe0.67Ru0.67,,3,Ru0.667Fe0.333,B0.667Fe0.333
314448.cif,AuZn,rt,2,Au,Zn
532467.cif,AuZn,rt,2,Au,Zn
456576.cif,AuZn,rt,2,Au,Zn
450635.cif,AuZn,rt,2,Au,Zn
456969.cif,AuZn,rt,2,Au,Zn
314447.cif,AuZn,rt,2,Au,Zn
311772.cif,AuZn,rt,2,Au,Zn
314450.cif,AuZn,rt,2,Au,Zn
314446.cif,AuZn,rt,2,Au,Zn
314449.cif,AuZn,rt,2,Au,Zn
314445.cif,AuZn,rt,2,Au,Zn
558612.cif,AuZn,rt,2,Au,Zn
314444.cif,AuZn,rt,2,Au,Zn
314452.cif,AuZn,rt,2,Au,Zn
534806.cif,AuZn,rt,2,Au,Zn
314451.cif,AuZn,rt,2,Au,Zn
1931950.cif,Au1.04Zn0.96,rt,2,Au,Zn0.96Au0.04
558005.cif,Au1.06Zn0.94,rt,2,Au,Zn0.94Au0.06
251033.cif,AuYb,ht,2,Yb,Au
451530.cif,AuYb,ht,2,Yb,Au
525879.cif,AuYb,ht,2,Au,Yb
530808.cif,AuY,,2,Au,Y
251355.cif,AuTm,ht,2,Tm,Au
530815.cif,AuTm,ht,2,Au,Tm
530384.cif,AuTi,ht2,2,Au,Ti
530813.cif,AuTb,ht,2,Au,Tb
1013050.cif,AuTb,ht,2,Tb,Au
530811.cif,AuSm,ht2,2,Au,Sm
1407354.cif,AuSc,,2,Au,Sc
527110.cif,AuSc,,2,Sc,Au
452516.cif,AuRb,,2,Au,Rb
1301529.cif,AuRb,,2,Au,Rb
1629571.cif,AuPr,ht,2,Au,Pr
530809.cif,AuPr,ht2,2,Au,Pr
302083.cif,Au0.50Pd0.50Zn,,3,Au0.5Pd0.5,Zn
1048471.cif,Au0.50Os0.50Zr,,3,Au0.5Os0.5,Zr
1048472.cif,Au0.50Os0.50Zr,,3,Zr,Au0.5Os0.5
1633684.cif,Au0.36Ni0.64Ti,cub,3,Ti,Ni0.64Au0.36
530810.cif,AuNd,ht2,2,Au,Nd
1301521.cif,Au0.80Mn1.20,ht,2,Mn,Au0.8Mn0.2
458251.cif,AuMg,,2,Mg,Au
534807.cif,AuMg,,2,Au,Mg
456616.cif,AuMg,,2,Mg,Au
251356.cif,AuLu,,2,Lu,Au
526473.cif,Au0.90Li1.10,m,2,Li,Au0.9Li0.1
460707.cif,AuIn0.50Zr0.50,,3,Au,In0.5Zr0.5
1248551.cif,Au0.67In0.68Pd0.65,,3,Au0.57Pd0.43,In0.68Pd0.22Au0.1
530817.cif,AuHo,ht,2,Au,Ho
382816.cif,Au0.25Hg0.75Mn,rt,3,Mn,Hg0.75Au0.25
1815432.cif,Au0.67Hg0.33Mg,,3,Au0.667Hg0.333,Mg
528144.cif,AuGd,ht,2,Gd,Au
1907594.cif,AuGd,ht,2,Gd,Au
530812.cif,AuGd,ht,2,Au,Gd
251354.cif,AuEr,ht,2,Er,Au
261086.cif,AuEr,ht,2,Au,Er
530816.cif,AuEr,ht,2,Au,Er
530814.cif,AuDy,ht,2,Au,Dy
558345.cif,AuDy,ht,2,Dy,Au
382429.cif,Au0.50Cu0.50Zn,,3,Au0.5Cu0.5,Zn
558006.cif,Au0.60Cu0.46Zn0.94,,3,Au0.54Cu0.46,Zn0.94Au0.06
1943179.cif,Au0.22Cu1.10Pd0.68,,3,Cu,Pd0.68Au0.22Cu0.1
526476.cif,AuCs,rt,2,Au0.6Cs0.4,Cs0.6Au0.4
1301530.cif,AuCs,rt,2,Au,Cs
452515.cif,AuCs,rt,2,Au,Cs
303414.cif,AuCd0.50Zn0.50,,3,Au,Cd0.5Zn0.5
1924522.cif,AuCd0.40Zn0.60,,3,Au,Zn0.6Cd0.4
1924521.cif,AuCd0.40Mg0.60,,3,Au,Mg0.6Cd0.4
532468.cif,AuCd,ht,2,Au,Cd
534805.cif,AuCd,ht,2,Au,Cd
1819755.cif,Au1.01Cd0.99,ht,2,Au,Cd0.99Au0.01
1224502.cif,Au0.13CaCd0.87,,3,Ca,Cd0.87Au0.13
1224501.cif,Au0.29CaCd0.71,,3,Ca,Cd0.71Au0.29
1045564.cif,AuBe,ht,2,Au,Be
456625.cif,AsU,hp,2,U,As
456109.cif,AsU,hp,2,U,As
456108.cif,AsTh,hp,2,Th,As
453380.cif,AsTh,hp,2,Th,As
456626.cif,AsTh,hp,2,Th,As
1821078.cif,As0.60Se0.40U,hp,3,U,As0.6Se0.4
1719626.cif,As0.33Pd1.67,m,2,Pd,Pd0.667As0.333
547055.cif,As0.25Co1.50Sn0.25,,3,Co,Co0.5As0.25Sn0.25
1210867.cif,As0.02Co0.96Ga1.02,,3,Co0.96As0.02Ga0.02,Ga
1835438.cif,AsCe,hp,2,Ce,As
1222955.cif,Al0.20YbZn0.80,,3,Yb,Zn0.8Al0.2
1537427.cif,Al0.24YZn0.76,,3,Y,Zn0.76Al0.24
529582.cif,AlY,ht,2,Al,Y
1965767.cif,Al0.50V1.50,cub2,2,V,Al0.5V0.5
1617290.cif,Al0.84Ti0.64V0.52,m,3,Al0.42Ti0.32V0.26,Al0.42Ti0.32V0.26
250327.cif,AlSm,cub,2,Al,Sm
1946182.cif,Al0.90Sc1.10,cub,2,Al0.9Sc0.1,Sc
528297.cif,AlSc,cub,2,Sc,Al
1340284.cif,AlSc,cub,2,Al,Sc
528946.cif,AlSc,cub,2,Sc,Al
1960848.cif,AlSc,cub,2,Sc,Al
260373.cif,AlSc,cub,2,Al,Sc
1922026.cif,AlSc,cub,2,Al,Sc
1946317.cif,Al0.50RuZr0.50,,3,Ru,Al0.5Zr0.5
1946313.cif,Al0.50RuV0.50,,3,Ru,Al0.5V0.5
1946309.cif,Al0.50RuTi0.50,,3,Ru,Al0.5Ti0.5
452721.cif,AlRu,,2,Ru,Al
452969.cif,AlRu,,2,Al,Ru
531926.cif,AlRu,,2,Al,Ru
528814.cif,AlRu,,2,Ru,Al
526641.cif,AlRu,,2,Al,Ru
1820459.cif,AlRu,,2,Al,Ru0.998Al0.002
1924166.cif,Al0.52Rh1.18Ti0.30,,3,Rh,Al0.52Ti0.3Rh0.18
1924164.cif,Al0.78Rh1.06Ti0.16,,3,Rh,Al0.78Ti0.16Rh0.06
1825985.cif,Al1.09Rh0.64Ru0.27,,3,Al,Rh0.64Ru0.27Al0.09
526411.cif,AlRh,,2,Rh,Al
526993.cif,AlRh,,2,Al,Rh
533954.cif,AlRh,,2,Rh,Al
252002.cif,AlRh,,2,Al,Rh
528815.cif,AlRe,rt,2,Re,Al
261757.cif,AlPt,ht,2,Pt,Al
554787.cif,AlPt,ht,2,Al,Pt
1006735.cif,Al0.40PrZn0.60,,3,Pr,Zn0.6Al0.4
526190.cif,AlPr,cub,2,Al,Pr
1814675.cif,Al0.50PdTi0.50,,3,Pd,Al0.5Ti0.5
1833787.cif,Al0.50PdTi0.50,,3,Pd,Al0.5Ti0.5
1933462.cif,Al0.60Pd0.62Ti0.78,,3,Al0.6Pd0.4,Ti0.78Pd0.22
1907453.cif,Al0.99Pd0.75Ti0.26,,3,Pd0.74Ti0.26,Al0.99Pd0.01
1013327.cif,Al0.54Pd0.40Ti1.06,,3,Ti,Al0.54Pd0.4Ti0.06
1816938.cif,Al1.12Pd0.82Rh0.06,,3,Al,Pd0.82Al0.12Rh0.06
531807.cif,AlPd,ht,2,Al,Pd
532030.cif,AlPd,ht,2,Al,Pd
531808.cif,AlPd,ht,2,Al,Pd
1717854.cif,AlPd,ht,2,Pd,Al
533296.cif,AlPd,ht,2,Pd,Al
1718401.cif,Al1.13Pd0.87,ht,2,Pd0.87Al0.13,Al
261287.cif,AlOs,,2,Os,Al
452693.cif,AlOs,,2,Os,Al
528813.cif,AlOs,,2,Os,Al
1707393.cif,Al0.50NiZr0.50,tf,3,Ni,Al0.5Zr0.5
1243362.cif,Al0.50NiV0.50,ht,3,Ni,Al0.5V0.5
460711.cif,Al0.50NiV0.50,ht,3,Ni,Al0.5V0.5
1413669.cif,Al0.04NiTi0.96,rt,3,Ti0.96Al0.04,Ni
1823876.cif,Al0.10NiTi0.90,rt,3,Ni,Ti0.9Al0.1
1907433.cif,Al0.12Ni1.04Ti0.84,rt,3,Ni,Ti0.84Al0.12Ni0.04
1819728.cif,Al0.16Ni0.95Ti0.89,rt,3,Ni0.946Al0.054,Ti0.894Al0.106
1707392.cif,Al0.50NiTi0.50,,3,Ni,Al0.5Ti0.5
1907436.cif,Al0.80Ni1.08Ti0.12,,3,Al0.8Ti0.12Ni0.08,Ni
1823874.cif,Al0.90NiTi0.10,,3,Ni,Al0.9Ti0.1
1819729.cif,Al0.92Ni0.99Ti0.09,,3,Ni0.99Ti0.01,Al0.918Ti0.082
1824858.cif,Al1.09Ni0.91Ta0,,3,Al,Ni0.906Al0.0936Ta0.0004
1820413.cif,Al0.71Ni1.23Si0.06,,3,Ni,Al0.712Ni0.232Si0.056
1826635.cif,Al0.72Ni1.20Si0.08,,3,Ni,Al0.72Ni0.2Si0.08
1826641.cif,Al0.74Ni1.08Si0.18,,3,Ni,Al0.744Si0.176Ni0.08
303133.cif,Al0.75NiSi0.25,,3,Ni,Al0.75Si0.25
1013020.cif,Al0.80NiSi0.20,,3,Ni,Al0.8Si0.2
1408581.cif,Al0.94Ni0.48Ru0.58,,3,Al0.94Ru0.04Ni0.02,Ru0.54Ni0.46
1932021.cif,Al0.72Ni1.28,rt,2,Ni,Al0.72Ni0.28
1819599.cif,Al0.80Ni1.20,rt,2,Ni,Al0.8Ni0.2
1830589.cif,Al0.84Ni1.16,rt,2,Ni0.96Al0.04,Al0.8Ni0.2
311708.cif,Al0.81Ni1.19,rt,2,Ni,Al0.81Ni0.19
1617305.cif,Al0.86Ni1.14,rt,2,Ni,Al0.86Ni0.14
311706.cif,Al0.88Ni1.12,rt,2,Ni,Al0.88Ni0.12
311704.cif,Al0.88Ni1.12,rt,2,Ni,Al0.88Ni0.12
311707.cif,Al0.88Ni1.12,rt,2,Ni,Al0.88Ni0.12
311705.cif,Al0.88Ni1.12,rt,2,Ni,Al0.88Ni0.12
532458.cif,Al0.90Ni1.10,rt,2,Ni,Al0.9Ni0.1
1932655.cif,Al0.94Ni1.06,rt,2,Ni,Al0.94Ni0.06
1607409.cif,Al0.94Ni1.06,rt,2,Al0.94Ni0.06,Ni
311702.cif,Al0.96Ni1.04,rt,2,Ni,Al0.96Ni0.04
311703.cif,Al0.96Ni1.04,rt,2,Ni,Al0.96Ni0.04
311700.cif,Al0.96Ni1.04,rt,2,Ni,Al0.96Ni0.04
311701.cif,Al0.96Ni1.04,rt,2,Ni,Al0.96Ni0.04
383105.cif,Al0.97Ni1.03,rt,2,Ni,Al0.972Ni0.028
1815086.cif,AlNi,rt,2,Ni,Al
454572.cif,AlNi,rt,2,Ni,Al
311690.cif,AlNi,rt,2,Ni,Al
546153.cif,AlNi,rt,2,Ni,Al
1837133.cif,AlNi,rt,2,Ni,Al
455314.cif,AlNi,rt,2,Al,Ni
1011804.cif,AlNi,rt,2,Ni,Al
532805.cif,AlNi,rt,2,Ni,Al
1412322.cif,AlNi,rt,2,Al,Ni
1617140.cif,AlNi,rt,2,Ni,Al
1413671.cif,AlNi,rt,2,Ni,Al
1823873.cif,AlNi,rt,2,Ni,Al
1614097.cif,AlNi,rt,2,Ni,Al
1250035.cif,AlNi,rt,2,Ni,Al
1413688.cif,AlNi,rt,2,Ni,Al
1250075.cif,AlNi,rt,2,Al,Ni
1250058.cif,AlNi,rt,2,Ni,Al
1250056.cif,AlNi,rt,2,Ni,Al
1830590.cif,AlNi,rt,2,Ni0.98Al0.02,Al0.98Ni0.02
1250038.cif,AlNi,rt,2,Ni,Al
1615088.cif,AlNi,rt,2,Ni,Al
546154.cif,AlNi,rt,2,Ni,Al
311697.cif,Al1.03Ni0.97,rt,2,Ni0.97Al0.03,Al
311699.cif,Al1.03Ni0.97,rt,2,Ni0.97Al0.03,Al
311698.cif,Al1.03Ni0.97,rt,2,Ni0.97Al0.03,Al
311696.cif,Al1.03Ni0.97,rt,2,Ni0.97Al0.03,Al
1413735.cif,Al1.04Ni0.96,rt,2,Ni0.96Al0.04,Al
1607410.cif,AlNi0.83,rt,2,Al,Ni0.83
311695.cif,AlNi0.89,rt,2,Ni0.89,Al
311693.cif,AlNi0.82,rt,2,Ni0.82,Al
311691.cif,AlNi0.82,rt,2,Ni0.82,Al
311694.cif,AlNi0.82,rt,2,Ni0.82,Al
311692.cif,AlNi0.82,rt,2,Ni0.82,Al
1830591.cif,AlNi0.89,tf,2,Ni0.89,Al
1250041.cif,AlNi0.67,tf,2,Ni0.67,Al
261043.cif,AlNi0.67,tf,2,Al,Ni0.67
1960772.cif,Al0.44Nb0.50Ti1.06,ht,3,Ti,Nb0.5Al0.44Ti0.06
1840476.cif,Al0.50Nb0.50Ti,ht,3,Ti,Al0.5Nb0.5
1928126.cif,Al0.52Nb0.28Ti1.20,ht,3,Ti,Al0.52Nb0.28Ti0.2
1967508.cif,Al0.65Nb0.35Ti,ht,3,Ti,Al0.65Nb0.35
1965563.cif,Al0.60Nb0.25Ta0.05Ti0.43Zr0.67,,5,Al0.6Nb0.25Ti0.1Ta0.05,Zr0.67Ti0.33
1928869.cif,Al0.50Nb0.50Pd,,3,Pd,Al0.5Nb0.5
1538277.cif,Al0.31Mo0.71Ti0.99,,3,Ti0.78Mo0.22,Mo0.486Al0.306Ti0.208
1538279.cif,Al0.31Mo0.71Ti0.99,,3,Ti0.777Mo0.223,Mo0.483Al0.306Ti0.211
1538278.cif,Al0.31Mo0.71Ti0.99,,3,Ti0.783Mo0.217,Mo0.489Al0.306Ti0.205
1538273.cif,Al0.30Mo0.51Ti1.19,,3,Ti0.889Mo0.111,Mo0.397Al0.302Ti0.301
1538275.cif,Al0.30Mo0.51Ti1.19,,3,Ti0.88Mo0.12,Mo0.388Ti0.31Al0.302
1538274.cif,Al0.30Mo0.51Ti1.19,,3,Ti0.867Mo0.133,Mo0.375Ti0.323Al0.302
1924181.cif,Al0.53Mo0.48Ti0.99,,3,Ti0.994Mo0.006,Al0.53Mo0.47
1924180.cif,Al0.53Mo0.48Ti0.99,,3,Ti0.994Mo0.006,Al0.53Mo0.47
1538276.cif,Al0.50Mo0.49Ti1.01,,3,Ti,Al0.498Mo0.49Ti0.012
1924185.cif,Al0.53Mo0.48Ti0.99,,3,Ti0.994Mo0.006,Al0.53Mo0.47
1924183.cif,Al0.53Mo0.48Ti0.99,,3,Ti0.994Mo0.006,Al0.53Mo0.47
1924184.cif,Al0.53Mo0.48Ti0.99,,3,Ti0.994Mo0.006,Al0.53Mo0.47
1924182.cif,Al0.53Mo0.48Ti0.99,,3,Ti0.994Mo0.006,Al0.53Mo0.47
1822122.cif,Al0.51Mo0.37Ti1.12,,3,Ti0.747Al0.253,Ti0.377Mo0.37Al0.253
1822121.cif,Al0.51Mo0.37Ti1.12,,3,Ti0.815Mo0.185,Al0.506Ti0.309Mo0.185
1822120.cif,Al0.51Mo0.37Ti1.12,,3,Ti0.63Mo0.37,Al0.506Ti0.494
1822119.cif,Al0.51Mo0.37Ti1.12,,3,Ti,Al0.506Mo0.37Ti0.124
1822123.cif,Al0.76Mo0.24Ti,,3,Ti,Al0.756Mo0.242Ti0.002
1822126.cif,Al0.76Mo0.24Ti,,3,Ti0.622Al0.378,Ti0.38Al0.378Mo0.242
1822125.cif,Al0.76Mo0.24Ti,,3,Ti0.879Mo0.121,Al0.756Ti0.123Mo0.121
1822124.cif,Al0.76Mo0.24Ti,,3,Ti0.758Mo0.242,Al0.756Ti0.244
1924228.cif,Al0.51Mo0.01Nb0.28Ti1.20Zr0.01,ht,5,Ti,Al0.512Nb0.278Ti0.198Mo0.006
1960773.cif,Al0.44Mo0.02Nb0.48Ti1.06,,4,Ti,Nb0.48Al0.44Ti0.06Mo0.02
557904.cif,Al0.50MnV0.50,,3,Mn,Al0.5V0.5
1343348.cif,Al0.50Mn0.50Ti,,3,Ti,Al0.5Mn0.5
1946304.cif,Al0.50Mn0.50Ru,,3,Ru,Al0.5Mn0.5
1924811.cif,Al0.50Mn0.50Rh,,3,Al0.5Mn0.5,Rh
1833768.cif,Al0.48Mn0.46Rh1.06,,3,Rh,Al0.48Mn0.46Rh0.06
1833783.cif,Al0.50Mn0.50Pd,ht,3,Pd,Al0.5Mn0.5
538095.cif,Al0.50Mn0.50Pd,ht,3,Pd,Al0.5Mn0.5
311173.cif,Al0.50Mn0.50Pd,ht,3,Pd,Al0.5Mn0.5
1941225.cif,Al0.35Mn0.65Ni,ht,3,Ni,Mn0.65Al0.35
1819869.cif,Al0.40Mn0.45Ni1.15,ht,3,Ni,Mn0.45Al0.4Ni0.15
1965630.cif,Al0.50Mn0.50Ni,ht,3,Ni,Al0.5Mn0.5
1826264.cif,Al0.50Mn0.50Ni,ht,3,Ni,Al0.5Mn0.5
1243355.cif,Al0.50Mn0.50Ni,ht,3,Ni,Al0.5Mn0.5
1825279.cif,Al0.90Mn0.80Ni0.30,ht,3,Al0.9Mn0.1,Mn0.7Ni0.3
459325.cif,AlMn0.60Ni0.40,ht,3,Al,Mn0.6Ni0.4
538277.cif,AlMn0.50Ni0.50,ht,3,Mn0.5Ni0.5,Al
1930110.cif,Al0.75Mg0.22Sc1.03,,3,Sc0.9Al0.08Mg0.02,Al0.67Mg0.2Sc0.13
1921952.cif,Al0.90Mg0.10Sc,,3,Al0.9Mg0.1,Sc
1011711.cif,Al0.40Mg0.60Pr,rt,3,Pr,Mg0.6Al0.4
1270765.cif,Al0.70Mg0.30Ni,,3,Ni,Al0.7Mg0.3
1822261.cif,Al0.70Mg0.30Ni,,3,Ni,Al0.7Mg0.3
1011706.cif,Al0.80Mg0.20Nd,rt,3,Nd,Al0.8Mg0.2
1210737.cif,Al0.60LaZn0.40,,3,La,Al0.6Zn0.4
1009008.cif,Al0.20LaMg0.80,,3,La,Mg0.8Al0.2
1612468.cif,AlIr0.50Ru0.50,,3,Ir0.5Ru0.5,Al
1825207.cif,Al1.10Ir0.47Ni0.43,,3,Al,Ir0.47Ni0.43Al0.1
1612467.cif,Al0.90Ir1.10,,2,Ir,Al0.9Ir0.1
1611554.cif,AlIr,,2,Ir,Al
526412.cif,AlIr,,2,Ir,Al
261286.cif,AlIr,,2,Ir,Al
252094.cif,AlIr,,2,Al,Ir
1930301.cif,AlIr,,2,Ir,Al
1044793.cif,Al0.48HoZn0.52,,3,Ho,Zn0.52Al0.48
1231668.cif,Al0.72HoMg0.28,,3,Ho,Al0.72Mg0.28
1946302.cif,Al0.50Hf0.50Ru,,3,Ru,Al0.5Hf0.5
1128941.cif,Al0.83Ge0.17Ni,,3,Ni,Al0.83Ge0.17
1008975.cif,Al0.86Ge0.14Ni,,3,Ni,Al0.86Ge0.14
1231659.cif,Al0.67GdMg0.33,,3,Gd,Al0.67Mg0.33
451748.cif,AlGd,stab,2,Gd,Al
1830593.cif,Al0.50Ga0.50Ni,,3,Ni,Al0.5Ga0.5
1927580.cif,Al0.25Ga0.25Mn0.50Ni,ht,4,Mn0.5Al0.25Ga0.25,Ni
555181.cif,Al0.50Fe1.30V0.20,ht1,3,Fe,Al0.5Fe0.3V0.2
312608.cif,Al0.50Fe1.05V0.45,ht1,3,Al0.5V0.45Fe0.05,Fe
1804639.cif,Al0.50FeV0.50,ht1,3,Al0.5V0.5,Fe
1833808.cif,Al0.50FeV0.50,ht1,3,Fe,Al0.5V0.5
1725342.cif,Al0.50FeV0.50,ht1,3,V0.5Al0.38Fe0.12,Fe0.88Al0.12
1727054.cif,Al0.70Fe1.20V0.10,ht1,3,Fe,Al0.7Fe0.2V0.1
1965768.cif,Al0.50Fe0.02V1.49,ht1,3,V,Al0.496V0.488Fe0.016
1612057.cif,Al0.05Fe0.95Ti,,3,Ti,Fe0.95Al0.05
1013320.cif,Al0.79FeTi0.21,,3,Al0.79Ti0.21,Fe
1343352.cif,Al0.50Fe0.50Ti,,3,Ti,Al0.5Fe0.5
1804249.cif,AlFe0.80Ti0.20,,3,Al0.5Fe0.4Ti0.1,Al0.5Fe0.4Ti0.1
1013317.cif,Al0.67Fe0.11Ti1.22,,3,Al0.67Ti0.22Fe0.11,Ti
1729259.cif,Al0.10Fe0.94Si0.01Ti0.95,,4,Fe0.942Al0.052Si0.006,Ti0.95Al0.044Si0.006
1729255.cif,Al0.30Fe1.40Si0.24Ti0.06,,4,Fe0.46Al0.3Si0.24,Fe0.94Ti0.06
1227532.cif,Al0.89Fe0.95Si0.16,,3,Al0.84Si0.16,Fe0.95Al0.05
1946299.cif,Al0.50Fe0.50Ru,,3,Ru,Al0.5Fe0.5
1010387.cif,AlFe0.90Ru0.10,,3,Al,Fe0.9Ru0.1
312260.cif,Al0.10FeRh0.90,,3,Fe,Rh0.9Al0.1
312259.cif,Al0.80FeRh0.20,,3,Fe,Al0.8Rh0.2
1833765.cif,Al0.54Fe0.40Rh1.06,,3,Rh,Al0.54Fe0.4Rh0.06
1222709.cif,Al0.22Fe0.38Ni0.48Ti0.91,,4,Ti0.91Ni0.05Fe0.04,Ni0.434Fe0.342Al0.224
1833803.cif,Al0.50FeNi0.50,,3,Fe,Al0.5Ni0.5
1822472.cif,Al0.62Fe0.54Ni0.84,,3,Ni0.836Fe0.164,Al0.624Fe0.376
1058392.cif,Al0.62Fe0.54Ni0.84,,3,Fe0.54Ni0.46,Al0.624Ni0.376
1617139.cif,AlFe0.50Ni0.50,,3,Fe0.5Ni0.5,Al
1819826.cif,Al0.58Fe0.26Ni1.16,,3,Ni,Al0.578Fe0.258Ni0.164
1010858.cif,AlFe0.35Ni0.65,,3,Ni0.65Fe0.35,Al
1819601.cif,Al0.80Fe0.18Ni1.02,,3,Ni,Al0.8Fe0.18Ni0.02
1819602.cif,AlFe0.18Ni0.82,,3,Ni0.82Fe0.18,Al
1930153.cif,Al0.80Fe1.15Nb0.05,,3,Fe,Al0.8Fe0.15Nb0.05
1821946.cif,Al0.62Fe1.21Mo0.17,,3,Fe,Al0.618Fe0.208Mo0.174
1821932.cif,Al0.69Fe1.19Mo0.12,,3,Fe,Al0.694Fe0.19Mo0.116
1937063.cif,Al0.48Fe1.18Mn0.34,,3,Al0.48Mn0.34Fe0.18,Fe
1833800.cif,Al0.50FeMn0.50,,3,Fe,Al0.5Mn0.5
459326.cif,AlFe0.40Mn0.60,,3,Al,Mn0.6Fe0.4
383119.cif,Al0.90Fe0.30Mn0.80,,3,Mn0.8Fe0.2,Al0.9Fe0.1
1905183.cif,AlFe0.30Mn0.70,,3,Al,Mn0.7Fe0.3
1147314.cif,Al0.60Fe1.21Ge0.19,,3,Fe,Al0.6Fe0.21Ge0.19
1650021.cif,Al0.94Fe0.91Ge0.15,,3,Fe0.91Ge0.09,Al0.94Ge0.06
1617104.cif,Al1.18Fe0.18Ga0.12Ti0.52,,4,Al,Ti0.52Al0.18Fe0.18Ga0.12
1617105.cif,Al1.08Fe0.16Ga0.14Mn0.12Ti0.50,,5,Al,Ti0.5Fe0.16Ga0.14Mn0.12
1727053.cif,Al0.60Fe1.30Ga0.10,,3,Fe,Al0.6Fe0.3Ga0.1
1825419.cif,Al0.50Fe1.50,rt,2,Fe,Al0.5Fe0.5
1816608.cif,Al0.68Fe1.32,rt,2,Al0.682Fe0.318,Fe
555182.cif,Al0.70Fe1.30,rt,2,Fe,Al0.7Fe0.3
1727052.cif,Al0.70Fe1.30,rt,2,Fe,Al0.7Fe0.3
1961691.cif,Al0.70Fe1.30,rt,2,Fe,Al0.7Fe0.3
1731089.cif,Al0.80Fe1.20,rt,2,Fe,Al0.8Fe0.2
1731090.cif,Al0.86Fe1.14,rt,2,Fe,Al0.86Fe0.14
1942849.cif,Al0.88Fe1.12,rt,2,Fe,Al0.88Fe0.12
529559.cif,Al0.95Fe1.05,rt,2,Al0.95Fe0.05,Fe
1827347.cif,AlFe,rt,2,Fe,Al
555172.cif,AlFe,rt,2,Fe,Al
456456.cif,AlFe,rt,2,Al,Fe
550037.cif,AlFe,rt,2,Al,Fe
553112.cif,AlFe,rt,2,Fe,Al
1931539.cif,AlFe,rt,2,Fe,Al
1617083.cif,AlFe,rt,2,Fe,Al
1931540.cif,AlFe,rt,2,Fe,Al
1836095.cif,AlFe,rt,2,Al,Fe
311803.cif,AlFe,rt,2,Fe,Al
1407448.cif,AlFe,rt,2,Al,Fe
456763.cif,AlFe,rt,2,Al,Fe
380310.cif,AlFe,rt,2,Fe,Al
1617138.cif,AlFe,rt,2,Fe,Al
1931543.cif,AlFe,rt,2,Fe,Al
312257.cif,AlFe,rt,2,Fe,Al
1931541.cif,AlFe,rt,2,Fe,Al
1931542.cif,AlFe,rt,2,Fe,Al
456453.cif,AlFe,rt,2,Fe,Al
458600.cif,AlFe,rt,2,Fe,Al
1013565.cif,Al0.25ErSi0.75,,3,Er,Si0.75Al0.25
1818673.cif,Al0.25ErSi0.75,,3,Er,Si0.75Al0.25
1536521.cif,Al0.32Nb0.54Ti1.14,,3,Nb0.52Ti0.48,Ti0.66Al0.32Nb0.02
1816445.cif,Al0.64ErMg0.36,,3,Er,Al0.64Mg0.36
1231661.cif,Al0.56DyMg0.44,,3,Dy,Al0.56Mg0.44
451746.cif,AlDy,ht,2,Dy,Al
1707398.cif,Al0.50CuZr0.50,,3,Cu,Al0.5Zr0.5
1707485.cif,AlCu0.80Zn0.20,ht,3,Cu0.8Zn0.2,Al
1707397.cif,Al0.50CuTi0.50,,3,Cu,Al0.5Ti0.5
1007539.cif,Al0.30Cu0.70Tb,,3,Tb,Cu0.7Al0.3
1924391.cif,Al0.50Cu0.50Tb,,3,Al0.5Cu0.5,Tb
1960858.cif,Al0.19Cu0.81Sc,stab,3,Sc,Cu0.81Al0.19
1650462.cif,Al0.19Cu0.81Sc,stab,3,Sc,Cu0.81Al0.19
1701322.cif,Al0.50CuSc0.50,stab,3,Al0.5Sc0.5,Cu
1340282.cif,Al0.60Cu0.40Sc,stab,3,Al0.6Cu0.4,Sc
1013199.cif,AlCu0.63Ru0.37,,3,Al,Cu0.63Ru0.37
1824789.cif,Al1.10Cu0.50Rh0.40,,3,Al,Cu0.5Rh0.4Al0.1
539824.cif,Al0.76Cu0.10Rh,,3,Rh,Al0.7568Cu0.1032
1010386.cif,Al0.50Cu0.50Pd,ht2,3,Pd,Al0.5Cu0.5
558162.cif,Al0.80Cu0.60Ni0.60,,3,Al0.8Cu0.1Ni0.1,Cu0.5Ni0.5
1932081.cif,AlCu0.50Ni0.50,,3,Al,Cu0.5Ni0.5
1928257.cif,Al0.70Cu0.30Ni,,3,Ni,Al0.7Cu0.3
1413689.cif,AlCu0.40Ni0.60,,3,Ni0.6Cu0.4,Al
1957258.cif,Al1.10Cu0.30Ni0.60,,3,Ni0.6Cu0.3Al0.1,Al
1011113.cif,AlCu0.20Ni0.80,,3,Ni0.8Cu0.2,Al
1413686.cif,AlCu0.17Ni0.83,,3,Ni0.833Cu0.167,Al
538096.cif,Al0.50Cu0.55Mn0.50Pd0.45,,4,Cu0.55Pd0.45,Al0.5Mn0.5
1815232.cif,Al0.50CuMn0.50,ht1,3,Cu,Al0.5Mn0.5
1836121.cif,Al0.96CuMn0.04,ht1,3,Cu,Al0.96Mn0.04
1825316.cif,Al0.90Cu0.46Mn0.64,ht1,3,Mn0.64Cu0.36,Al0.9Cu0.1
1707400.cif,AlCu0.50Mn0.50,ht1,3,Al,Cu0.5Mn0.5
1825315.cif,Al0.96Cu0.40Mn0.64,ht1,3,Mn0.64Cu0.36,Al0.96Cu0.04
459323.cif,AlCu0.40Mn0.60,ht1,3,Al,Mn0.6Cu0.4
1825314.cif,Al0.90Cu0.30Mn0.80,ht1,3,Mn0.74Cu0.26,Al0.9Mn0.06Cu0.04
1825313.cif,Al0.96Cu0.24Mn0.80,ht1,3,Mn0.76Cu0.24,Al0.96Mn0.04
1006753.cif,Al0.20Cu0.80Lu,,3,Lu,Cu0.8Al0.2
1051670.cif,Al0.50CuLi0.50,,3,Cu,Al0.5Li0.5
1932091.cif,AlCu0.42Ir0.58,,3,Ir0.58Cu0.42,Al
1822625.cif,Al0.50Cu0.50Ho,,3,Ho,Al0.5Cu0.5
1340074.cif,Al0.30CuHg0.20Mn0.50,,4,Mn0.5Al0.3Hg0.2,Cu
1833799.cif,Al0.50Cu0.50Fe,ht,3,Fe,Al0.5Cu0.5
1011198.cif,AlCu,ht,2,Al,Cu
1826357.cif,Al0.97Cu0.77Fe0.26,ht,3,Al0.97Cu0.03,Cu0.74Fe0.26
1823947.cif,Al1.03Cu0.62Fe0.35,ht,3,Cu0.62Fe0.348Al0.032,Al
1826356.cif,Al1.03Cu0.59Fe0.38,ht,3,Al,Cu0.59Fe0.38Al0.03
1819714.cif,AlCu0.40Fe0.60,ht,3,Al,Fe0.6Cu0.4
1824558.cif,Al1.02Cu0.15Fe0.83,ht,3,Al,Fe0.834Cu0.146Al0.02
1921427.cif,Al0.40Cu0.60Er,,3,Cu0.6Al0.4,Er
1921420.cif,Al0.55Cu0.45Dy,,3,Al0.55Cu0.45,Dy
1965929.cif,Al0.50Cr0.50Ti0.50V0.50,,4,Al0.5Ti0.5,Cr0.5V0.5
1965763.cif,Al0.50Cr0.50Ti0.50V0.50,,4,Cr0.5V0.5,Al0.5Ti0.5
1714702.cif,Al0.50Cr0.50Ti,,3,Ti,Al0.5Cr0.5
1260654.cif,Al0.50Cr0.50Ti,,3,Ti,Al0.5Cr0.5
1930218.cif,Al0.40Cr0.30Ti1.30,,3,Ti,Al0.4Cr0.3Ti0.3
461525.cif,Al0.67Cr0.33Ti,,3,Al0.67Cr0.33,Ti
1945446.cif,Al0.69Cr0.27Ti1.04,,3,Al0.69Cr0.27Ti0.04,Ti
1954687.cif,Al0.95Cr0.14Ni0.91V0,ht,4,Ni0.91Cr0.09,Al0.947Cr0.049V0.004
1954688.cif,Al0.95Cr0.13Ni0.92Ti0,ht,4,Ni0.92Cr0.076Ti0.004,Al0.947Cr0.053
302650.cif,Al0.67Cr0.66Ni0.67,,3,Cr0.66Ni0.34,Al0.67Ni0.33
461526.cif,Al0.67Cr0.66Ni0.67,,3,Cr0.66Ni0.34,Al0.67Ni0.33
1928206.cif,Al1.06Cr0.17Ni0.77,,3,Al,Ni0.77Cr0.17Al0.06
1954686.cif,Al0.95Cr0.13Ni0.92,,3,Ni0.92Cr0.08,Al0.95Cr0.05
1965764.cif,Al0.50Cr0.50Fe0.02Ti0.50V0.50,,5,Cr0.496V0.496Fe0.008,Al0.496Ti0.496Fe0.008
1055693.cif,Al0.34Cr0.34Fe0.66Ni0.66,,4,Fe0.33Ni0.33Al0.17Cr0.17,Fe0.33Ni0.33Al0.17Cr0.17
1963796.cif,Al0.68Cr0.34Fe0.34Nb0.02Ni0.62,,5,Al0.68Cr0.32,Ni0.62Fe0.34Cr0.02Nb0.02
1055785.cif,Al0.40Cr0.16Fe0.64Mn0.64Ni0.16,,5,Al0.4Cr0.16Ni0.16Fe0.14,Fe0.5Mn0.5
1828094.cif,Al0.50Cr0.50Fe,ht1,3,Fe,Al0.5Cr0.5
1617084.cif,Al0.80Cr0.20Fe,ht1,3,Fe,Al0.8Cr0.2
1822783.cif,Al0.94Cr0.40Cu0.66,ht,3,Al0.94Cr0.06,Cu0.66Cr0.34
1821028.cif,Al0.92Cr0.36Cu0.72,ht,3,Al0.92Cr0.08,Cu0.72Cr0.28
1830101.cif,Al0.50CoV0.50,,3,Al0.5V0.5,Co
311488.cif,Al0.50CoV0.50,,3,Co,Al0.5V0.5
1937214.cif,Al0.50CoTi0.50,,3,Co,Al0.5Ti0.5
1815218.cif,Al0.64CoSi0.36,,3,Co,Al0.64Si0.36
1014600.cif,AlCo0.62Ru0.38,,3,Al,Co0.62Ru0.38
1817294.cif,Al0.56Co0.78Ni0.66,,3,Al0.56Co0.23Ni0.21,Co0.55Ni0.45
1932037.cif,Al0.56Co0.74Ni0.70,,3,Co0.74Ni0.26,Al0.56Ni0.44
1815245.cif,Al0.58Co0.76Ni0.66,,3,Co0.5Ni0.5,Al0.58Co0.26Ni0.16
382397.cif,Al0.80CoNi0.20,,3,Co,Al0.8Ni0.2
1010999.cif,AlCo0.70Ni0.30,,3,Co0.7Ni0.3,Al
1819600.cif,Al0.80Co0.18Ni1.02,,3,Ni0.82Co0.18,Al0.8Ni0.2
1932248.cif,Al0.88CoNb0.12,,3,Co,Al0.88Nb0.12
1350591.cif,Al0.20Co0.50Mn0.50V0.80,,4,Co0.4Mn0.4Al0.1V0.1,V0.7Al0.1Co0.1Mn0.1
1350590.cif,Al0.50Co0.50Mn0.50V0.50,,4,Co0.5Mn0.5,Al0.5V0.5
1937215.cif,Al0.50CoMn0.25Ti0.25,,4,Co,Al0.5Mn0.25Ti0.25
1826265.cif,Al0.50Co0.60Mn0.50Ni0.40,,4,Co0.6Ni0.4,Al0.5Mn0.5
1946448.cif,Al0.50Co0.50Mn0.50Ni0.50,,4,Co0.5Ni0.5,Al0.5Mn0.5
1834141.cif,Al0.50CoMn0.50,ht,3,Co,Al0.5Mn0.5
1830091.cif,Al0.50CoMn0.50,ht,3,Al0.5Mn0.5,Co
1929644.cif,Al0.50CoMn0.50,ht,3,Co,Al0.5Mn0.5
1240820.cif,Al0.50CoMn0.50,ht,3,Al0.5Mn0.5,Co
1937216.cif,Al0.50CoMn0.50,ht,3,Co,Al0.5Mn0.5
1923940.cif,Al0.50CoMn0.50,ht,3,Al0.5Mn0.5,Co
1822047.cif,Al0.50CoMn0.50,ht,3,Co,Al0.5Mn0.5
383184.cif,Al0.40Co0.50Mn1.10,ht,3,Mn,Co0.5Al0.4Mn0.1
555174.cif,AlCo0.50Mn0.50,ht,3,Co0.5Mn0.5,Al
459324.cif,AlCo0.40Mn0.60,ht,3,Al,Mn0.6Co0.4
1932015.cif,Al0.86Co0.22Mn0.92,ht,3,Mn0.92Co0.08,Al0.86Co0.14
1928880.cif,Al0.25CoGe0.25Mn0.50,,4,Co,Mn0.5Al0.25Ge0.25
303443.cif,Al0.50CoGa0.50,,3,Co,Al0.5Ga0.5
1929645.cif,Al0.50CoFe0.25Mn0.25,,4,Co,Al0.5Fe0.25Mn0.25
1816947.cif,Al0.50CoFe0.50,ht,3,Co,Al0.5Fe0.5
1941286.cif,Al0.50CoFe0.50,ht,3,Co,Al0.5Fe0.5
1936867.cif,Al0.50CoFe0.50,ht,3,Co,Al0.5Fe0.5
1928228.cif,Al0.50CoFe0.50,ht,3,Co,Al0.5Fe0.5
1819646.cif,Al0.50CoFe0.50,ht,3,Co,Al0.5Fe0.5
1830084.cif,Al0.50CoFe0.50,ht,3,Al0.5Fe0.5,Co
1941289.cif,Al0.50CoFe0.50,ht,3,Co,Al0.5Fe0.5
1819473.cif,Al0.50CoFe0.50,ht,3,Co,Al0.5Fe0.5
1820475.cif,Al0.50CoFe0.50,ht,3,Co,Al0.5Fe0.5
1928223.cif,Al0.50CoFe0.50,ht,3,Co,Al0.5Fe0.5
1929646.cif,Al0.50CoFe0.50,ht,3,Co,Al0.5Fe0.5
382396.cif,Al0.70CoFe0.30,ht,3,Co,Al0.7Fe0.3
1833795.cif,Al0.50Co0.50Fe,ht,3,Fe,Al0.5Co0.5
1055856.cif,Al0.50Co0.50Fe,ht,3,Fe,Al0.5Co0.5
381118.cif,Al0.55Co0.45Fe,ht,3,Fe,Al0.55Co0.45
1011000.cif,AlCo0.70Fe0.30,ht,3,Co0.7Fe0.3,Al
555175.cif,AlCo0.50Fe0.50,ht,3,Co0.5Fe0.5,Al
1010998.cif,AlCo0.90Cu0.10,,3,Co0.9Cu0.1,Al
1921988.cif,AlCo0.29Cu0.71,,3,Al,Cu0.71Co0.29
1966398.cif,Al0.50Co0.50Cr0.50Mn0.50,,4,Co0.5Mn0.5,Al0.5Cr0.5
1951374.cif,'Al0.34Co0.33Cr0.34Fe0.33Ni0.33V0.33',ht,6,Cr0.34Co0.33Fe0.33,Al0.34Ni0.33V0.33
1260648.cif,'Al0.33Co0.33Cr0.33Fe0.33Ni0.33Ti0.33',,6,Al0.334Co0.167Cr0.167Fe0.166,Ni0.334Co0.167Cr0.167Fe0.166
1260706.cif,'Al0.44Co0.37Cr0.10Fe0.18Ni0.52Ti0.39',,6,Co0.374Ti0.344Fe0.184Cr0.098,Ni0.516Al0.44Ti0.044
1966781.cif,Al0.35Co0.37Cr0.47Fe0.37Ni0.44,,5,Co0.37Fe0.37Ni0.26,Cr0.47Al0.35Ni0.18
1966027.cif,Al0.40Co0.40Cr0.40Fe0.40Ni0.40,,5,Al0.4Co0.4Fe0.2,Cr0.4Ni0.4Fe0.2
1260645.cif,Al0.40Co0.40Cr0.40Fe0.40Ni0.40,,5,Al0.4Co0.2Cr0.2Fe0.2,Ni0.4Co0.2Cr0.2Fe0.2
1825376.cif,Al0.40Co0.40Cr0.40Fe0.40Ni0.40,,5,Al0.4Co0.2Cr0.2Fe0.2,Ni0.4Co0.2Cr0.2Fe0.2
1965605.cif,'Al0.62Co0.36Cr0.21Fe0.25Mo0.07Ni0.49',,6,Ni0.49Co0.26Fe0.25,Al0.62Cr0.21Co0.1Mo0.07
1965582.cif,'Al0.64Co0.36Cr0.20Fe0.26Mo0.06Ni0.48',,6,Al0.64Fe0.26Ni0.1,Ni0.38Co0.36Cr0.2Mo0.06
1260647.cif,'Al0.33Co0.33Cr0.33Fe0.33Mn0.33Ni0.33',,6,Al0.334Co0.167Cr0.167Fe0.166,Ni0.334Co0.167Cr0.167Fe0.166
1966028.cif,'Al0.34Co0.33Cr0.34Fe0.33Mn0.33Ni0.33',,6,Al0.34Co0.33Fe0.33,Cr0.34Mn0.33Ni0.33
1941292.cif,Al0.52Co1.10Cr0.18Fe0.20,,4,Co,Al0.52Fe0.2Cr0.18Co0.1
1928225.cif,Al0.50CoCr0.40Fe0.10,,4,Co,Al0.5Cr0.4Fe0.1
1928220.cif,Al0.50CoCr0.40Fe0.10,,4,Co,Al0.5Cr0.4Fe0.1
1819648.cif,Al0.50CoCr0.30Fe0.20,,4,Co,Al0.5Cr0.3Fe0.2
1928226.cif,Al0.50CoCr0.30Fe0.20,,4,Co,Al0.5Cr0.3Fe0.2
1819870.cif,Al0.50CoCr0.30Fe0.20,,4,Co,Al0.5Cr0.3Fe0.2
1928221.cif,Al0.50CoCr0.30Fe0.20,,4,Co,Al0.5Cr0.3Fe0.2
1941288.cif,Al0.50CoCr0.30Fe0.20,,4,Co,Al0.5Cr0.3Fe0.2
1816949.cif,Al0.50CoCr0.30Fe0.20,,4,Co,Al0.5Cr0.3Fe0.2
1924108.cif,Al0.50CoCr0.25Fe0.25,,4,Co,Al0.5Cr0.25Fe0.25
1928222.cif,Al0.50CoCr0.15Fe0.35,,4,Co,Al0.5Fe0.35Cr0.15
1928227.cif,Al0.50CoCr0.15Fe0.35,,4,Co,Al0.5Fe0.35Cr0.15
1833852.cif,Al0.50Co0.75Cr0.50Fe0.25,,4,Co0.75Fe0.25,Al0.5Cr0.5
1260646.cif,'Al0.33Co0.33Cr0.33Cu0.33Fe0.33Ni0.33',,6,Al0.334Co0.167Cr0.167Cu0.166,Ni0.334Co0.167Cr0.167Cu0.166
1941287.cif,Al0.50CoCr0.50,ht,3,Co,Al0.5Cr0.5
1819647.cif,Al0.50CoCr0.50,ht,3,Co,Al0.5Cr0.5
1927811.cif,Al0.50CoCr0.50,ht,3,Co,Al0.5Cr0.5
1928219.cif,Al0.50CoCr0.50,ht,3,Co,Al0.5Cr0.5
1816948.cif,Al0.50CoCr0.50,ht,3,Co,Al0.5Cr0.5
1928224.cif,Al0.50CoCr0.50,ht,3,Co,Al0.5Cr0.5
1923930.cif,Al0.50CoCr0.50,ht,3,Co,Al0.5Cr0.5
1927734.cif,Al0.50CoCr0.50,ht,3,Co,Al0.5Cr0.5
1941290.cif,Al0.56Co1.10Cr0.34,ht,3,Co,Al0.56Cr0.34Co0.1
1009962.cif,Al0.70CoCr0.30,ht,3,Co,Al0.7Cr0.3
1730840.cif,Al0.93Co1.07,,2,Co,Al0.93Co0.07
1931647.cif,AlCo,,2,Co,Al
375041.cif,AlCo,,2,Al,Co
526642.cif,AlCo,,2,Co,Al
1837769.cif,AlCo,,2,Co,Al
311487.cif,AlCo,,2,Co,Al
532446.cif,AlCo,,2,Co,Al
555173.cif,AlCo,,2,Co,Al
1922030.cif,AlCo,,2,Co,Al
1651341.cif,AlCo,,2,Co,Al
1946476.cif,AlCo,,2,Co,Al
1820474.cif,AlCo,,2,Co,Al
1921987.cif,AlCo,,2,Al,Co
1010997.cif,AlCo,,2,Co,Al
456452.cif,AlCo,,2,Co,Al
458228.cif,AlCo,,2,Al,Co
1935100.cif,AlCo,,2,Co,Al
1933173.cif,AlCo,,2,Co,Al
382398.cif,AlCo,,2,Co,Al
1006732.cif,Al0.70CeZn0.30,,3,Ce,Al0.7Zn0.3
1821914.cif,Al1.05Ce0.02Ni0.93,,3,Al,Ni0.93Al0.05Ce0.02
1929788.cif,Al1.07Ce0.01Ni0.92,,3,Ni0.92Al0.07Ce0.01,Al
457914.cif,AlCe,m1,2,Al,Ce
457973.cif,AlCe,m1,2,Al,Ce
1055719.cif,Al0.85C0.03MnNi0.12,,4,Mn,Al0.85Ni0.12C0.03
1607411.cif,Al0.88B0.13Ni,,3,Al0.875B0.125,Ni
1607414.cif,Al0.88B0.13Ni0.75,,3,Al0.875B0.125,Ni0.75
1607412.cif,Al0.88B0.13Ni0.63,,3,Al0.875B0.125,Ni0.625
1607413.cif,Al0.95B0.05Ni0.91,,3,Al0.952B0.048,Ni0.905
1814674.cif,Al0.50AuZr0.50,cub2,3,Au,Al0.5Zr0.5
460708.cif,Al0.50AuTi0.50,,3,Au,Al0.5Ti0.5
301899.cif,Al0.50AuTi0.50,,3,Al0.5Ti0.5,Au
1826228.cif,Al0.48Au0.87Cu0.65,ht,3,Au0.74Cu0.26,Al0.48Cu0.39Au0.13
457574.cif,AlAu,tf,2,Au,Al
528688.cif,AgZn,hp,2,Ag,Zn
558147.cif,Ag1.07Zn0.93,rt,2,Zn0.93Ag0.07,Ag
525880.cif,AgYb,ht,2,Ag,Yb
251249.cif,AgYb,ht,2,Yb,Ag
451521.cif,AgYb,ht,2,Yb,Ag
252222.cif,AgY,,2,Ag,Y
453099.cif,AgY,,2,Ag,Y
1921827.cif,AgY,,2,Ag,Y
1950522.cif,AgY,,2,Y,Ag
451524.cif,AgY,,2,Ag,Y
1410731.cif,AgY,,2,Y,Ag
543962.cif,AgY,,2,Ag,Y
1007919.cif,AgY,,2,Y,Ag
251950.cif,AgY,,2,Ag,Y
315019.cif,AgY,,2,Ag,Y
1950436.cif,AgTm,,2,Tm,Ag
530807.cif,AgTm,,2,Ag,Tm
525787.cif,AgTm,,2,Tm,Ag
454642.cif,AgTm,,2,Tm,Ag
1921367.cif,Ag0.50TbZn0.50,,3,Tb,Ag0.5Zn0.5
528004.cif,AgTb,rt,2,Tb,Ag
456244.cif,AgTb,rt,2,Tb,Ag
1934238.cif,AgTb,rt,2,Tb,Ag
530692.cif,AgTb,rt,2,Tb,Ag
530820.cif,AgTb,rt,2,Ag,Tb
456368.cif,AgTb,rt,2,Tb,Ag
557869.cif,AgTb,rt,2,Ag,Tb
525791.cif,AgTb,rt,2,Tb,Ag
1615237.cif,AgTb,rt,2,Tb,Ag
1236689.cif,Ag0.90SmSn0.10,,3,Ag0.9Sn0.1,Sm
1236688.cif,AgSm,,2,Ag,Sm
453098.cif,AgSm,,2,Ag,Sm
251888.cif,AgSm,,2,Ag,Sm
530806.cif,AgSm,,2,Ag,Sm
527113.cif,AgSc,,2,Sc,Ag
1711003.cif,Ag0.50Sb0.50Te,hp2,3,Ag0.5Sb0.5,Te
1013307.cif,Ag0.86PrSn0.14,rt,3,Pr,Ag0.86Sn0.14
1621144.cif,AgPr,rt,2,Ag,Pr
454610.cif,AgPr,rt,2,Pr,Ag
525793.cif,AgPr,rt,2,Ag,Pr
455864.cif,AgPr,rt,2,Ag,Pr
454578.cif,AgPr,rt,2,Ag,Pr
1608311.cif,AgPr,rt,2,Pr,Ag
251900.cif,AgPr,rt,2,Ag,Pr
554777.cif,Ag0.50Pd0.50Tb,,3,Tb,Ag0.5Pd0.5
1825559.cif,Ag0.05Pb0.90Sb0.05Te,hp,4,Pb0.9Ag0.05Sb0.05,Te
1608312.cif,AgNd0.40Pr0.60,,3,Pr0.6Nd0.4,Ag
455309.cif,AgNd,rt,2,Ag,Nd
311232.cif,AgNd,rt,2,Nd,Ag
525794.cif,AgNd,rt,2,Nd,Ag
251889.cif,AgNd,rt,2,Ag,Nd
1921834.cif,AgNd,rt,2,Ag,Nd
1608313.cif,AgNd,rt,2,Nd,Ag
1815493.cif,AgMg0.80Zn0.20,rt,3,Ag,Mg0.8Zn0.2
558250.cif,AgMg0.50Zn0.50,rt,3,Mg0.5Zn0.5,Ag
1815492.cif,AgMg0.10Zn0.90,,3,Ag,Zn0.9Mg0.1
539698.cif,Ag0.50MgPd0.50,,3,Mg,Ag0.5Pd0.5
1270667.cif,Ag0.70MgPd0.30,,3,Mg,Ag0.7Pd0.3
1929144.cif,Ag0.94Mg1.06,,2,Ag0.944Mg0.056,Mg
260258.cif,AgMg,,2,Ag,Mg
1825278.cif,AgMg,,2,Mg,Ag
456577.cif,AgMg,,2,Ag,Mg
526669.cif,AgMg,,2,Ag,Mg
453058.cif,AgMg,,2,Ag,Mg
554885.cif,AgMg,,2,Ag,Mg
457956.cif,AgMg,,2,Ag,Mg
1943983.cif,AgMg,,2,Ag,Mg
553649.cif,AgMg,,2,Mg,Ag
1127649.cif,Ag1.05Mg0.95,,2,Ag,Mg0.95Ag0.05
1832947.cif,Ag1.10Mg0.90,,2,Ag,Mg0.9Ag0.1
1628179.cif,Ag0.82Li1.18,cub,2,Ag0.822Li0.178,Li
1622704.cif,Ag0.82Li1.18,cub,2,Ag0.822Li0.178,Li
1531673.cif,AgLi,cub,2,Ag,Li
1631352.cif,AgLi,cub,2,Ag,Li
1626113.cif,AgLi,cub,2,Li,Ag
1601801.cif,AgLi,cub,2,Ag,Li
458262.cif,AgLi,cub,2,Li,Ag
1626110.cif,AgLi,cub,2,Li,Ag
1007910.cif,AgLa0.50Y0.50,,3,La0.5Y0.5,Ag
1007921.cif,AgLa0.50Y0.50,,3,La0.5Y0.5,Ag
1931928.cif,Ag0.90LaSn0.10,,3,Ag0.9Sn0.1,La
1056998.cif,Ag0.70LaMn0.30,,3,Ag0.7Mn0.3,La
1822521.cif,Ag0.80LaMn0.20,,3,La,Ag0.8Mn0.2
1732011.cif,Ag0.84LaMn0.16,,3,Ag0.84Mn0.16,La
1127646.cif,Ag0.53LaMg0.47,,3,La,Ag0.53Mg0.47
1127650.cif,Ag0.98La0.08Mg0.94,,3,Ag0.98La0.02,Mg0.94La0.06
534110.cif,AgLa,,2,Ag,La
527405.cif,AgLa,,2,Ag,La
1822520.cif,AgLa,,2,La,Ag
1007920.cif,AgLa,,2,La,Ag
1056997.cif,AgLa,,2,Ag,La
1732012.cif,AgLa,,2,Ag,La
1950523.cif,Ag0.44In0.56Y,,3,Y,In0.56Ag0.44
537448.cif,Ag0.50In0.50Tm,,3,Tm,Ag0.5In0.5
1934239.cif,Ag0.40In0.60Tb,,3,Tb,In0.6Ag0.4
557870.cif,Ag0.50In0.50Tb,,3,Ag0.5In0.5,Tb
537451.cif,Ag0.50In0.50Tb,,3,Tb,Ag0.5In0.5
554778.cif,Ag0.50In0.50Tb,,3,Tb,Ag0.5In0.5
1430096.cif,Ag0.50In0.50Tb,,3,Tb,Ag0.5In0.5
538257.cif,Ag0.50In0.50Pr,,3,Pr,Ag0.5In0.5
302689.cif,AgIn0.12Mg0.63,,3,Ag,Mg0.63In0.12
1253855.cif,Ag0.50In0.50La,rt,3,Ag0.5In0.5,La
1300303.cif,Ag0.75In0.25La,rt,3,La,Ag0.75In0.25
1300304.cif,Ag0.89In0.11La,rt,3,La,Ag0.89In0.11
1950439.cif,Ag0.90HoSn0.10,,3,Ho,Ag0.9Sn0.1
537450.cif,Ag0.50HoIn0.50,,3,Ho,Ag0.5In0.5
525789.cif,AgHo,,2,Ho,Ag
454465.cif,AgHo,,2,Ag,Ho
1950429.cif,AgHo,,2,Ho,Ag
250511.cif,AgHo,,2,Ag,Ho
1822063.cif,AgHo,,2,Ag,Ho
530819.cif,AgHo,,2,Ag,Ho
538119.cif,Ag0.50GdZn0.50,,3,Gd,Ag0.5Zn0.5
538152.cif,Ag0.50GdTl0.50,rt,3,Gd,Ag0.5Tl0.5
1950516.cif,Ag0.40GdIn0.60,,3,Gd,In0.6Ag0.4
557868.cif,Ag0.50GdIn0.50,,3,Ag0.5In0.5,Gd
537446.cif,Ag0.50GdIn0.50,,3,Gd,Ag0.5In0.5
558799.cif,Ag0.50GdIn0.50,,3,Gd,Ag0.5In0.5
538141.cif,Ag0.50GdIn0.50,,3,Gd,Ag0.5In0.5
558230.cif,Ag0.50GdIn0.50,,3,Gd,Ag0.5In0.5
558229.cif,Ag0.85GdIn0.15,,3,Gd,Ag0.85In0.15
558228.cif,AgGd,,2,Gd,Ag
543961.cif,AgGd,,2,Ag,Gd
557867.cif,AgGd,,2,Ag,Gd
528143.cif,AgGd,,2,Gd,Ag
558796.cif,AgGd,,2,Gd,Ag
454633.cif,AgGd,,2,Ag,Gd
252230.cif,AgGd,,2,Ag,Gd
451743.cif,AgGd,,2,Gd,Ag
1950515.cif,AgGd,,2,Gd,Ag
251893.cif,AgGd,,2,Gd,Ag
525792.cif,AgGd,,2,Gd,Ag
454663.cif,AgGd,,2,Gd,Ag
1810127.cif,Ag0.70Ga0.30Tb,,3,Tb,Ag0.7Ga0.3
302688.cif,AgGa0.20Mg0.80,,3,Ag,Mg0.8Ga0.2
1631494.cif,Ag0.56Ga0.44La,,3,Ag0.56Ga0.44,La
1521983.cif,Ag0.50Ga0.50Gd,,3,Gd,Ag0.5Ga0.5
261071.cif,AgGa,,2,Ag,Ga
1310226.cif,AgF,hp2,2,Ag,F
1533618.cif,AgF,hp2,2,Ag,F
1925407.cif,Ag0.50EuIn0.50,,3,Eu,Ag0.5In0.5
537447.cif,Ag0.50ErIn0.50,,3,Er,Ag0.5In0.5
1825158.cif,AgEr,,2,Ag,Er
261085.cif,AgEr,,2,Ag,Er
311758.cif,AgEr,,2,Ag,Er
251183.cif,AgEr,,2,Ag,Er
530818.cif,AgEr,,2,Ag,Er
525788.cif,AgEr,,2,Er,Ag
1216373.cif,Ag0.97DySn0.03,,3,Dy,Ag0.97Sn0.03
1934241.cif,Ag0.40DyIn0.60,,3,Dy,In0.6Ag0.4
537449.cif,Ag0.50DyIn0.50,,3,Dy,Ag0.5In0.5
558407.cif,Ag0.50DyIn0.50,,3,Dy,Ag0.5In0.5
557871.cif,Ag0.50DyIn0.50,,3,Ag0.5In0.5,Dy
530219.cif,AgDy,,2,Dy,Ag
451749.cif,AgDy,,2,Dy,Ag
1934240.cif,AgDy,,2,Dy,Ag
1216372.cif,AgDy,,2,Dy,Ag
558406.cif,AgDy,,2,Dy,Ag
454466.cif,AgDy,,2,Ag,Dy
557872.cif,AgDy,,2,Ag,Dy
525790.cif,AgDy,,2,Ag,Dy
528006.cif,AgDy,,2,Dy,Ag
302059.cif,Ag0.10Cu0.90Y,ht,3,Y,Cu0.9Ag0.1
1924389.cif,Ag0.50Cu0.50Tb,,3,Ag0.5Cu0.5,Tb
538179.cif,Ag0.50Cu0.50Pr,rt,3,Pr,Ag0.5Cu0.5
1954469.cif,AgCl,hp3,2,Ag,Cl
1013089.cif,Ag0.84CeSn0.16,ht,3,Ce,Ag0.84Sn0.16
382881.cif,AgCe0.50Nd0.50,,3,Ag,Ce0.5Nd0.5
1822650.cif,AgCe,rt,2,Ag,Ce
534406.cif,AgCe,rt,2,Ce,Ag
251901.cif,AgCe,rt,2,Ce,Ag
382526.cif,AgCe,rt,2,Ag,Ce
455310.cif,AgCe,rt,2,Ag,Ce
1010817.cif,AgCe,rt,2,Ce,Ag
543963.cif,AgCe,rt,2,Ag,Ce
525795.cif,AgCe,rt,2,Ce,Ag
454727.cif,AgCe,rt,2,Ce,Ag
1924678.cif,AgCd0.60Zn0.40,,3,Ag,Cd0.6Zn0.4
1924675.cif,AgCd0.70Mg0.30,cub2,3,Ag,Cd0.7Mg0.3
1924677.cif,AgCd0.20Mg0.80,cub2,3,Ag,Mg0.8Cd0.2
533473.cif,Ag0.96Cd1.04,rt,2,Ag0.96Cd0.04,Cd
457955.cif,AgCd,rt,2,Ag,Cd
526670.cif,AgCd,rt,2,Ag,Cd
553671.cif,AgCd,rt,2,Ag,Cd
382428.cif,Ag0.50Au0.50Zn,ht,3,Ag0.5Au0.5,Zn
558800.cif,Ag0.50Au0.50Gd,,3,Gd,Ag0.5Au0.5
1410719.cif,Ag0.40Al0.60Y,,3,Y,Al0.6Ag0.4
1615232.cif,Ag0.50Al0.50Tb,,3,Tb,Ag0.5Al0.5
1007046.cif,Ag0.90Al0.10Sm,,3,Sm,Ag0.9Al0.1
1612034.cif,Ag0.60Al0.40Pr,,3,Pr,Ag0.6Al0.4
1120261.cif,Ag0.70Al0.30Gd,,3,Gd,Ag0.7Al0.3